dollarmapper,11.151677900000001,7.6558594
muhaammaadd,11.151677900000001,7.6558594
hauwa_u,11.151677900000001,7.6558594
kenbayona,-6.7661679,39.215413899999994
ayebare lucky,0.5470577,34.020155200000005
nasif nash,0.5470577,34.020155200000005
victoria vickie,0.5470577,34.020155200000005
tusubira paul,0.5470577,34.020155200000005
nimusiima,0.5470577,34.020155200000005
kennie2017,0.5470577,34.020155200000005
bosahamza,0.5470577,34.020155200000005
bob archist,0.5470577,34.020155200000005
peacep,0.5470577,34.020155200000005
kjoshua,0.5470577,34.020155200000005
obonge jimmy,0.5470577,34.020155200000005
raymondk03,0.5470577,34.020155200000005
beatrice anyango,0.5470577,34.020155200000005
sadiki3,0.5470577,34.020155200000005
ayebare rebecca,0.5470577,34.020155200000005
bush herbert omeson,0.5470577,34.020155200000005
angella n,0.5470577,34.020155200000005
marcello seme,0.5470577,34.020155200000005
kessterry,0.5470577,34.020155200000005
lobi stanley,0.5470577,34.020155200000005
ssenkooto stephen,0.5470577,34.020155200000005
bwesigye edward,0.5470577,34.020155200000005
ayiko,0.5470577,34.020155200000005
kimdave,0.5470577,34.020155200000005
ek blessing,0.5470577,34.020155200000005
raymondk,0.5470577,34.020155200000005
katanga joel,0.5470577,34.020155200000005
yusufu hamba,0.5470577,34.020155200000005
brian alinda,0.5470577,34.020155200000005
nakumat,0.5470577,34.020155200000005
nimusiima pelth,0.5470577,34.020155200000005
angellah n,0.5470577,34.020155200000005
owens,0.5470577,34.020155200000005
bazira daniel,0.5470577,34.020155200000005
prosper1995,0.5470577,34.020155200000005
kiwanuka elijah,0.5470577,34.020155200000005
ocaya brian,0.5470577,34.020155200000005
jakborsondox,0.5470577,34.020155200000005
omirambe,0.5470577,34.020155200000005
ryansmith,40.064110299999996,-79.88427970000001
bur3274,40.064110299999996,-79.88427970000001
cvalko1229,47.0067549,-59.4639818
guy pacome,5.3426737,-3.9879084000000002
gnelfang,5.3426737,-3.9879084000000002
cherif1er,5.3426737,-3.9879084000000002
lau_23,-15.3765857,35.3356518
rjpayne,34.6760942,-82.83641479999999
emasoom,34.6760942,-82.83641479999999
zdhanan,34.6760942,-82.83641479999999
willyli,34.6760942,-82.83641479999999
skdesai,34.6760942,-82.83641479999999
ckinzie,34.6760942,-82.83641479999999
pat,34.6760942,-82.83641479999999
mikdale,34.6760942,-82.83641479999999
pcarbaj,34.6760942,-82.83641479999999
bburk,34.6760942,-82.83641479999999
theprovy,34.6760942,-82.83641479999999
samuelz,34.6760942,-82.83641479999999
musawo,0.5470577,34.020155200000005
jmobrien,34.6760942,-82.83641479999999
hmlee,34.6760942,-82.83641479999999
danielzyt,0.5470577,34.020155200000005
jpgehringer5,40.064110299999996,-79.88427970000001
aclark1126,40.064110299999996,-79.88427970000001
abr2296,40.064110299999996,-79.88427970000001
nawinecoff,40.064110299999996,-79.88427970000001
har9075,40.064110299999996,-79.88427970000001
jabahum,0.5470577,34.020155200000005
prosper1994,0.5470577,34.020155200000005
kaitlynh,37.271674,-76.71337799999998
ehruhm,37.271674,-76.71337799999998
lin8023,40.064110299999996,-79.88427970000001
brb1693,37.271674,-76.71337799999998
andrewb34,37.271674,-76.71337799999998
knnewman,37.271674,-76.71337799999998
wafula,0.5470577,34.020155200000005
were joseph,0.5470577,34.020155200000005
richard dalmat,0.5470577,34.020155200000005
mugabi henry,0.5470577,34.020155200000005
netondo,0.5470577,34.020155200000005
edgar collins,0.5470577,34.020155200000005
shamillah,0.5470577,34.020155200000005
kaluba micheal,0.5470577,34.020155200000005
tugume dan,0.5470577,34.020155200000005
francal,0.5470577,34.020155200000005
michaels bus,0.5470577,34.020155200000005
bashirmuguya,0.5470577,34.020155200000005
eyevan,0.5470577,34.020155200000005
godenfiles,0.5470577,34.020155200000005
manirakiza moses,0.5470577,34.020155200000005
okwang stephen,0.5470577,34.020155200000005
yusuf hamba,0.5470577,34.020155200000005
mwesigwa irene,0.5470577,34.020155200000005
aarzon,34.6760942,-82.83641479999999
jkalz,0.5470577,34.020155200000005
usefulness,11.151677900000001,7.6558594
kgjenkins,42.4534492,-76.4735027
1cornell,42.4534492,-76.4735027
amineta,42.4534492,-76.4735027
michalleahl,42.4534492,-76.4735027
kenneth_mureithi,-0.3955843,36.962167
ashrafulislamsium,23.726369000000002,89.59557109999999
mehedi hasaan emon,23.726369000000002,89.59557109999999
mohsin islam,23.726369000000002,89.59557109999999
syfulislam4004,23.726369000000002,89.59557109999999
kawsar333,23.726369000000002,89.59557109999999
jahid ahmad,23.726369000000002,89.59557109999999
md. taohedul islam,23.726369000000002,89.59557109999999
zubair ahmad,23.726369000000002,89.59557109999999
md. atik shahariar,23.726369000000002,89.59557109999999
sheikh ashem ahmed,23.726369000000002,89.59557109999999
md. kowshar alam,23.726369000000002,89.59557109999999
md. shamsul haque,23.726369000000002,89.59557109999999
md. neyamot ullah,23.726369000000002,89.59557109999999
md. sazib hassan,23.726369000000002,89.59557109999999
arif hossain,23.726369000000002,89.59557109999999
sakibul hassan,23.726369000000002,89.59557109999999
sagir ahammed,23.726369000000002,89.59557109999999
md. easin,23.726369000000002,89.59557109999999
md. yasin rahaman,23.726369000000002,89.59557109999999
azharul islam fuad,23.726369000000002,89.59557109999999
md. tushar ahmed,23.726369000000002,89.59557109999999
md. abu zafor sourov,23.726369000000002,89.59557109999999
saiful islam,23.726369000000002,89.59557109999999
md. zifran islam,23.726369000000002,89.59557109999999
chandan kumar paul,23.726369000000002,89.59557109999999
md. abdul momin,23.726369000000002,89.59557109999999
md. atikul islam,23.726369000000002,89.59557109999999
elias sani,23.726369000000002,89.59557109999999
md. shamim hossain,23.726369000000002,89.59557109999999
mir arafeen ahmmed,23.726369000000002,89.59557109999999
md. salauddin,23.726369000000002,89.59557109999999
abdullah,23.726369000000002,89.59557109999999
md. arif chowdhury,23.726369000000002,89.59557109999999
maksudur rahman,23.726369000000002,89.59557109999999
s m mahmudur rahman,23.726369000000002,89.59557109999999
md. nayeem hossain,23.726369000000002,89.59557109999999
md. ferdous alam,23.726369000000002,89.59557109999999
shahriar shaon,23.726369000000002,89.59557109999999
md. maruf hasan pathan,23.726369000000002,89.59557109999999
shakil hossain,23.726369000000002,89.59557109999999
"md. abbas uddin,",23.726369000000002,89.59557109999999
mehedi hasan emon,23.726369000000002,89.59557109999999
asif musttoba,23.726369000000002,89.59557109999999
saiful,23.726369000000002,89.59557109999999
ashikur rahman,23.726369000000002,89.59557109999999
md. mohsin uddin,23.726369000000002,89.59557109999999
md. tamim billah,23.726369000000002,89.59557109999999
md. arif hossain mithu,23.726369000000002,89.59557109999999
nayem hayjong,23.726369000000002,89.59557109999999
masum miah,23.726369000000002,89.59557109999999
sabbir ahmed,23.726369000000002,89.59557109999999
md. shariar mobin,23.726369000000002,89.59557109999999
md. rafiqul islam,23.726369000000002,89.59557109999999
sifat hossain fahim,23.726369000000002,89.59557109999999
md. abu bakkar siddik,23.726369000000002,89.59557109999999
dipto emam,23.726369000000002,89.59557109999999
abdur rahim,23.726369000000002,89.59557109999999
razu ahammed nabin khan,23.726369000000002,89.59557109999999
shopnil kumar basu,23.726369000000002,89.59557109999999
munna hasan,23.726369000000002,89.59557109999999
md. rakibul islam,23.726369000000002,89.59557109999999
joydip shorkar,23.726369000000002,89.59557109999999
md. mamun ar roshid,23.726369000000002,89.59557109999999
md. ismail hossain,23.726369000000002,89.59557109999999
agatha jetra,23.742410500000002,89.61941329999999
s_meghla,23.742410500000002,89.61941329999999
astro boy wahid,23.742410500000002,89.61941329999999
nouros,23.742410500000002,89.61941329999999
ashika afrose,23.742410500000002,89.61941329999999
md atikuzzaman limon,23.742410500000002,89.61941329999999
plseetiong,14.6041612,59.01139340000002
godwithus92,8.1233883,4.225724899999999
okunfemm,8.1233883,4.225724899999999
chizurumoke,8.1233883,4.225724899999999
acme,8.1233883,4.225724899999999
oriyomi,8.1233883,4.225724899999999
adedeji,8.1233883,4.225724899999999
fisayo oni,8.1233883,4.225724899999999
abuabdullahi,8.1233883,4.225724899999999
bolatitoadeoye,8.1233883,4.225724899999999
denironyx,7.304269500000001,5.1370125999999985
caleb,7.304269500000001,5.1370125999999985
nuruding,7.304269500000001,5.1370125999999985
oludele,7.304269500000001,5.1370125999999985
o_seni,7.304269500000001,5.1370125999999985
nubs_s,7.304269500000001,5.1370125999999985
smart d,7.304269500000001,5.1370125999999985
mad354,42.4534492,-76.4735027
zoyakaufmann,42.4534492,-76.4735027
maddyrich,42.4534492,-76.4735027
sbhoskins,42.4534492,-76.4735027
nelsonoaks,7.304269500000001,5.1370125999999985
lawot,7.304269500000001,5.1370125999999985
danolad,7.304269500000001,5.1370125999999985
muriga muchiri,-0.3955843,36.962167
pauline macharia,-0.3955843,36.962167
karanjaelijah,-0.3955843,36.962167
temitope,7.304269500000001,5.1370125999999985
sir_muel,7.304269500000001,5.1370125999999985
platinum emirate,7.304269500000001,5.1370125999999985
pheonix star,7.304269500000001,5.1370125999999985
oluwafisayo,7.304269500000001,5.1370125999999985
joelodngo at mapping,1.4727781999999998,33.8638115
odesola oluwagbotemi,7.304269500000001,5.1370125999999985
fakola oluwasegun,7.304269500000001,5.1370125999999985
binbush,7.304269500000001,5.1370125999999985
adnan kayode,7.304269500000001,5.1370125999999985
haywhy,7.304269500000001,5.1370125999999985
manjurul islam,7.304269500000001,5.1370125999999985
idowuseyi,7.304269500000001,5.1370125999999985
tommy g d charles,8.477016299999999,-13.2214053
sia kamanda,8.477016299999999,-13.2214053
tigidanke fofana,8.477016299999999,-13.2214053
sarah turay,8.477016299999999,-13.2214053
evron rashid,8.477016299999999,-13.2214053
farah kamara,8.477016299999999,-13.2214053
gibril lansana,8.477016299999999,-13.2214053
domingo joe,8.477016299999999,-13.2214053
abdul juldeh jalloh,8.477016299999999,-13.2214053
meek stephen,8.477016299999999,-13.2214053
idriss cole,8.477016299999999,-13.2214053
josiah borbor,8.477016299999999,-13.2214053
foday conteh,8.477016299999999,-13.2214053
grace kainessie,8.477016299999999,-13.2214053
mohamed kamara,8.477016299999999,-13.2214053
afiz,8.477016299999999,-13.2214053
abdul nouman,8.477016299999999,-13.2214053
marilyn hannah godwin,8.477016299999999,-13.2214053
farma jacob,8.477016299999999,-13.2214053
unisa sesay,8.477016299999999,-13.2214053
mohamed taily bah,8.477016299999999,-13.2214053
abdulai kargbo,8.477016299999999,-13.2214053
kadiatubangura,8.477016299999999,-13.2214053
patricia nixon,8.477016299999999,-13.2214053
francess pabai,8.477016299999999,-13.2214053
olive h. lisk,8.477016299999999,-13.2214053
m barrie,8.477016299999999,-13.2214053
fatmata,8.477016299999999,-13.2214053
g. conteh,8.477016299999999,-13.2214053
nyakeh abdulai,8.477016299999999,-13.2214053
sidia rogers,8.477016299999999,-13.2214053
julius morie momoh,8.477016299999999,-13.2214053
abigail kargbo,8.477016299999999,-13.2214053
cordia,38.831554100000005,-77.3120885
thecryptarch,38.831554100000005,-77.3120885
dannyutt,38.831554100000005,-77.3120885
dlowman,38.831554100000005,-77.3120885
sulaiman_mozes,2.7881375,32.3168716
oyet geoffrey gerrard,2.7881375,32.3168716
odokonyero,2.7881375,32.3168716
obalim douglas,2.7881375,32.3168716
idha,2.7881375,32.3168716
racel lumonya,2.7881375,32.3168716
imenyabayo reverien,-1.500872,29.6111576
bryan gatera,-1.500872,29.6111576
nicaise irambona,-1.500872,29.6111576
coco7,-1.500872,29.6111576
uwishema-valentin,-1.500872,29.6111576
yvette_ntakirutimana,-1.500872,29.6111576
albertine_allia,-1.500872,29.6111576
sumitbikramrana,27.727571,85.341709
albanarayamajhi,27.727571,85.341709
akritiashikari,27.727571,85.341709
akshyanchagiri,27.727571,85.341709
saritabista,27.727571,85.341709
subashthapa,27.727571,85.341709
kbrana,27.727571,85.341709
laxmikhatri,27.727571,85.341709
kaxmikarki,27.727571,85.341709
neelimarai,27.727571,85.341709
aosalia22,2.7881375,32.3168716
lani_martin,38.831554100000005,-77.3120885
patgp,38.831554100000005,-77.3120885
andya96,38.831554100000005,-77.3120885
geoamy,38.831554100000005,-77.3120885
ianmcvey,38.831554100000005,-77.3120885
jsolly,38.831554100000005,-77.3120885
lakwera,2.7881375,32.3168716
juweni,2.7881375,32.3168716
tupero,7.304269500000001,5.1370125999999985
salami haruna olalekan,7.304269500000001,5.1370125999999985
rahinton,7.304269500000001,5.1370125999999985
satishbaidya,27.727571,85.341709
nelmonilama,27.727571,85.341709
kristydavis,27.727571,85.341709
nicksneller,27.727571,85.341709
irdpyouthmapper25,-6.122142699999999,35.7457995
irdpyouthmapper10,-6.122142699999999,35.7457995
robierx,1.4727781999999998,33.8638115
irdpyouthmapper1,-6.122142699999999,35.7457995
irdpyouthmapper2,-6.122142699999999,35.7457995
irdpyouthmapper3,-6.122142699999999,35.7457995
irdpyouthmapper4,-6.122142699999999,35.7457995
irdpyouthmapper5,-6.122142699999999,35.7457995
irdpyouthmapper6,-6.122142699999999,35.7457995
irdpyouthmapper7,-6.122142699999999,35.7457995
irdpyouthmapper8,-6.122142699999999,35.7457995
irdpyouthmapper9,-6.122142699999999,35.7457995
irdpyouthmapper11,-6.122142699999999,35.7457995
irdpyouthmapper12,-6.122142699999999,35.7457995
irdpyouthmapper13,-6.122142699999999,35.7457995
irdpyouthmapper14,-6.122142699999999,35.7457995
irdpyouthmapper20,-6.122142699999999,35.7457995
aisha karim irdp,-6.122142699999999,35.7457995
angero irdp,-6.122142699999999,35.7457995
baraka kasanga,-6.122142699999999,35.7457995
daud irdp,-6.122142699999999,35.7457995
samadd,-6.122142699999999,35.7457995
ezekiellesiyo,-6.122142699999999,35.7457995
frank irdp,-6.122142699999999,35.7457995
jailos pharles,-6.122142699999999,35.7457995
hokelai,-6.122142699999999,35.7457995
joshua irdp,-6.122142699999999,35.7457995
magabiro kasara,-6.122142699999999,35.7457995
maganya irdp-lzc,-6.122142699999999,35.7457995
merian paulo irdp,-6.122142699999999,35.7457995
mbaraka,-6.122142699999999,35.7457995
mfaume irdp,-6.122142699999999,35.7457995
mipango irdp,-6.122142699999999,35.7457995
naomi hope irdp,-6.122142699999999,35.7457995
praygod irdp,-6.122142699999999,35.7457995
raphael seba,-6.122142699999999,35.7457995
right irdp,-6.122142699999999,35.7457995
rose kisarwa irdp,-6.122142699999999,35.7457995
shabani magawila,-6.122142699999999,35.7457995
shanafi irdp,-6.122142699999999,35.7457995
tizrah irdp,-6.122142699999999,35.7457995
bvloua,29.63306649999999,-82.35003410000002
cherifa,29.63306649999999,-82.35003410000002
mamady kourouma,29.63306649999999,-82.35003410000002
marie224,29.63306649999999,-82.35003410000002
mohamed lamine dabo,29.63306649999999,-82.35003410000002
simmy,29.63306649999999,-82.35003410000002
léontine,29.63306649999999,-82.35003410000002
fatoumata binta,29.63306649999999,-82.35003410000002
emma yomalo,29.63306649999999,-82.35003410000002
laye almame sylla,29.63306649999999,-82.35003410000002
christian saying,29.63306649999999,-82.35003410000002
nar6,29.63306649999999,-82.35003410000002
alseny,29.63306649999999,-82.35003410000002
pkkbts,29.63306649999999,-82.35003410000002
diallo  oury,29.63306649999999,-82.35003410000002
kalebe koivogui,29.63306649999999,-82.35003410000002
benjamin inapogui,29.63306649999999,-82.35003410000002
samoura issa,29.63306649999999,-82.35003410000002
kadiatou touré,29.63306649999999,-82.35003410000002
timothée sandouno,29.63306649999999,-82.35003410000002
bah dalanda,29.63306649999999,-82.35003410000002
aye sira barry,29.63306649999999,-82.35003410000002
kone karifa,29.63306649999999,-82.35003410000002
lancei kaba,29.63306649999999,-82.35003410000002
safiatoufaf,29.63306649999999,-82.35003410000002
mariama soumah,29.63306649999999,-82.35003410000002
samba magassouba,29.63306649999999,-82.35003410000002
pascal bilivogui,29.63306649999999,-82.35003410000002
erick otenyo,-1.2657173000000002,36.75947439999999
adili mwabaya,-1.2657173000000002,36.75947439999999
laura mugeha,-1.2657173000000002,36.75947439999999
jamesmagige24,-1.1810559999999999,36.9272342
lukeodera,-1.1810559999999999,36.9272342
mosesthiongo,-1.1810559999999999,36.9272342
jacksonotuke,-1.1810559999999999,36.9272342
ruthkish,-1.1810559999999999,36.9272342
brainmich,-1.1810559999999999,36.9272342
ernest ruzindana,-1.9568693,30.0635843
yesambahafi333,-1.9568693,30.0635843
emmanuel uwiragijimana,-1.9568693,30.0635843
fmwizerwa,-1.9568693,30.0635843
danie blaze,1.4727781999999998,33.8638115
david josh,1.4727781999999998,33.8638115
opio,1.4727781999999998,33.8638115
paul izrail,1.4727781999999998,33.8638115
naboth,1.4727781999999998,33.8638115
okiriajohnbaptist,1.4727781999999998,33.8638115
kukufrancis,1.4727781999999998,33.8638115
emmanueljamal,1.4727781999999998,33.8638115
odeng youthmapper,1.4727781999999998,33.8638115
engwau,1.4727781999999998,33.8638115
nambuya mary,1.4727781999999998,33.8638115
"everlast youth mappers,kumi",1.4727781999999998,33.8638115
samuel okurut,1.4727781999999998,33.8638115
eddie11,0.329183,32.5709881
nakaweesi sarah,0.329183,32.5709881
asaph opio,0.329183,32.5709881
bensonk,0.329183,32.5709881
amanubo amos,0.329183,32.5709881
ojoroambrose,0.329183,32.5709881
toristeeves,45.50478469999999,-73.5771511
gbates,45.50478469999999,-73.5771511
mma88,45.50478469999999,-73.5771511
josh2015,45.50478469999999,-73.5771511
elizstone,45.50478469999999,-73.5771511
julietterrichard,45.50478469999999,-73.5771511
hturvene,45.50478469999999,-73.5771511
pauline-r,45.50478469999999,-73.5771511
dorothy h,45.50478469999999,-73.5771511
margaux delalex,45.50478469999999,-73.5771511
hannah bursey,45.50478469999999,-73.5771511
rachel,45.50478469999999,-73.5771511
kirkwright,45.50478469999999,-73.5771511
noe_s,45.50478469999999,-73.5771511
julia_loach,45.50478469999999,-73.5771511
jancieplak,45.50478469999999,-73.5771511
kirasf97,45.50478469999999,-73.5771511
zripka,45.50478469999999,-73.5771511
colbybilodeau,45.50478469999999,-73.5771511
sichenw,45.50478469999999,-73.5771511
yuyuren,45.50478469999999,-73.5771511
taziona,45.50478469999999,-73.5771511
cfralich,45.50478469999999,-73.5771511
claudiagagnon,45.50478469999999,-73.5771511
snowpikachu,45.50478469999999,-73.5771511
zillahlee,45.50478469999999,-73.5771511
jackoecanten,45.50478469999999,-73.5771511
cliang17,45.50478469999999,-73.5771511
tassia,45.50478469999999,-73.5771511
jerped,45.50478469999999,-73.5771511
melissa_bland,45.50478469999999,-73.5771511
sydmuirhead,45.50478469999999,-73.5771511
aldea,45.50478469999999,-73.5771511
rachelyang,45.50478469999999,-73.5771511
joledan,45.50478469999999,-73.5771511
thompsc,45.50478469999999,-73.5771511
hrebenti,45.50478469999999,-73.5771511
ageographer,45.50478469999999,-73.5771511
bethsheba,0.5111631,35.2843657
clare8,0.5111631,35.2843657
seroney,0.5111631,35.2843657
janepher,0.5111631,35.2843657
bev120,0.5111631,35.2843657
wambogo,0.5111631,35.2843657
sharon,0.5111631,35.2843657
sophiageomc,39.0973684,-77.15773519999998
timgeomc,39.0973684,-77.15773519999998
stephaniegeomc,39.0973684,-77.15773519999998
tim geomc,39.0973684,-77.15773519999998
janetgeomc,39.0973684,-77.15773519999998
susangeomc,39.0973684,-77.15773519999998
carolgeomc,39.0973684,-77.15773519999998
onejilo,-15.319326,28.272096
rl2793,40.72951339999999,-73.9964609
janellemicaela,40.72951339999999,-73.9964609
ggonzales36,40.72951339999999,-73.9964609
yd4nam,40.72951339999999,-73.9964609
ck2597,40.72951339999999,-73.9964609
mla424,40.72951339999999,-73.9964609
patrick etomet,1.4727781999999998,33.8638115
lorenzasganzetta,45.4781071,9.227276400000001
danieleoxoli,45.4781071,9.227276400000001
judithkamugisha,0.329183,32.5709881
siima,0.329183,32.5709881
naturinda,0.329183,32.5709881
esmanov,0.329183,32.5709881
amolie,0.329183,32.5709881
kiggudde,0.329183,32.5709881
farydh,0.329183,32.5709881
ingrid k,0.329183,32.5709881
kilsedar,45.4781071,9.227276400000001
naltay,45.4781071,9.227276400000001
asturksever,45.4781071,9.227276400000001
kyasiikane jorun,0.329183,32.5709881
fliant,1.4727781999999998,33.8638115
lorenzostucchi,45.4781071,9.227276400000001
shazomojah,0.5111631,35.2843657
lowenz,1.4727781999999998,33.8638115
alice bonfiglio,45.4781071,9.227276400000001
asaro92,45.4781071,9.227276400000001
carolina echavarria,45.4781071,9.227276400000001
wava stella,0.329183,32.5709881
lorisganz,45.4781071,9.227276400000001
hector chinas,45.4781071,9.227276400000001
zakir ky,45.4781071,9.227276400000001
aramis85,45.4781071,9.227276400000001
hammouti,45.4781071,9.227276400000001
will-will,45.4781071,9.227276400000001
dilek emanetoğlu,45.4781071,9.227276400000001
engiengi,45.4781071,9.227276400000001
mattio93,45.4781071,9.227276400000001
destone28,45.4781071,9.227276400000001
fabiola banfi,45.4781071,9.227276400000001
mostafizur,24.3635683,88.6283773
faisal_147006,24.3635683,88.6283773
shajibul haque,24.3635683,88.6283773
yasmin tonni 1507014,24.3635683,88.6283773
kawshar ahmed_1507023,24.3635683,88.6283773
md rashed_1507022,24.3635683,88.6283773
imranahsan_1507025,24.3635683,88.6283773
wahidur rahman orthi 14701,24.3635683,88.6283773
juhaer_1607007,24.3635683,88.6283773
md. asif islam 1507012,24.3635683,88.6283773
"farzana_afroz, shuvo_1607022",24.3635683,88.6283773
arief_hossain_147007,24.3635683,88.6283773
sabiha 147026,24.3635683,88.6283773
mostakim,24.3635683,88.6283773
md abdullahel shamim,24.3635683,88.6283773
sanjida khanam,24.3635683,88.6283773
kafy_12,24.3635683,88.6283773
iftekhar alam,24.3635683,88.6283773
dulal sarker,24.3635683,88.6283773
hojaifa hossain,24.3635683,88.6283773
sabrin zerin,24.3635683,88.6283773
tanmoy dev,24.3635683,88.6283773
umma roman,24.3635683,88.6283773
nahidul_islam,24.3635683,88.6283773
md al amin jewel,24.3635683,88.6283773
mesbahul snigdho,24.3635683,88.6283773
md_ashik_ali_murad_1607002,24.3635683,88.6283773
nishita chowdhury,24.3635683,88.6283773
radwan rahman 1607001,24.3635683,88.6283773
shakil ar salan,24.3635683,88.6283773
sumaia_dola,24.3635683,88.6283773
nashid rahman,24.3635683,88.6283773
murshaha majid 1607004,24.3635683,88.6283773
md. saadman reza chowdhury,24.3635683,88.6283773
137013,24.3635683,88.6283773
sharmin_15,24.3635683,88.6283773
saifullah bin shiraj,24.3635683,88.6283773
salman_reza,24.3635683,88.6283773
jahid_hasan,24.3635683,88.6283773
prince_noman,24.3635683,88.6283773
alifuzzaman,24.3635683,88.6283773
nazmul ahsan tonoy,24.3635683,88.6283773
jennifer selim,24.3635683,88.6283773
"mhs_004, asif_007",24.3635683,88.6283773
nishat jui,24.3635683,88.6283773
farhan antor,24.3635683,88.6283773
sihab_20,24.3635683,88.6283773
shahariar rahman emon,24.3635683,88.6283773
shykat,24.3635683,88.6283773
nazia farnaz,24.3635683,88.6283773
hafizanazneen,24.3635683,88.6283773
shahriyar_147017,24.3635683,88.6283773
shuvo_137025,24.3635683,88.6283773
mosharraf 1607012,24.3635683,88.6283773
sanjida islam 1507001,24.3635683,88.6283773
sazib,24.3635683,88.6283773
sumita roy,24.3635683,88.6283773
rafi_mahmud,24.3635683,88.6283773
sonam lepcha,27.2867114,88.4763122
kezang gaden,27.2867114,88.4763122
moncecchi daniele,45.4781071,9.227276400000001
chiaraponti,45.4781071,9.227276400000001
tars4815,45.4781071,9.227276400000001
michael montani,45.4781071,9.227276400000001
fabio cattaneo,45.4781071,9.227276400000001
aimarti,45.4781071,9.227276400000001
eri90,45.4781071,9.227276400000001
yeshiosm,27.2867114,88.4763122
katie layer,42.4538665,-79.34036329999998
abimagu2011,42.4538665,-79.34036329999998
amandara14,42.4538665,-79.34036329999998
mars9646,42.4538665,-79.34036329999998
katie mccabe,42.4538665,-79.34036329999998
tessamoran3,42.4538665,-79.34036329999998
davidmyers14,42.4538665,-79.34036329999998
nadv4186,42.4538665,-79.34036329999998
neuteaching,42.4538665,-79.34036329999998
kassie001,42.4538665,-79.34036329999998
emipearson,42.4538665,-79.34036329999998
ashley pennington,42.4538665,-79.34036329999998
organ penny,42.4538665,-79.34036329999998
pern8001,42.4538665,-79.34036329999998
laurenpixley,42.4538665,-79.34036329999998
powe2221,42.4538665,-79.34036329999998
sgprice,42.4538665,-79.34036329999998
mlpusateri3,42.4538665,-79.34036329999998
rado1859,42.4538665,-79.34036329999998
krenn18,42.4538665,-79.34036329999998
danielle romanini,42.4538665,-79.34036329999998
eschaib88,42.4538665,-79.34036329999998
janelle shaffer,42.4538665,-79.34036329999998
katisherry,42.4538665,-79.34036329999998
kristen stanek,42.4538665,-79.34036329999998
estone@fredonia.edu,42.4538665,-79.34036329999998
ther1354@fredonia.edu,42.4538665,-79.34036329999998
jurda23,42.4538665,-79.34036329999998
jwilkie,42.4538665,-79.34036329999998
jillianwojtan,42.4538665,-79.34036329999998
qbrooks26,33.584259100000004,-78.1217178
zach byars,33.584259100000004,-78.1217178
carlislemr,33.584259100000004,-78.1217178
keatonalan,33.584259100000004,-78.1217178
john_cook,33.584259100000004,-78.1217178
taylordonowho,33.584259100000004,-78.1217178
chantry,33.584259100000004,-78.1217178
hayden-g230,33.584259100000004,-78.1217178
julia kliene,33.584259100000004,-78.1217178
evan conard,33.584259100000004,-78.1217178
sagelaxton,33.584259100000004,-78.1217178
aicha coulibaly,33.584259100000004,-78.1217178
andrew_skipton,33.584259100000004,-78.1217178
austinpreiss,33.584259100000004,-78.1217178
jakewebb1993,33.584259100000004,-78.1217178
jcathell,33.584259100000004,-78.1217178
justin n middleton,33.584259100000004,-78.1217178
noah_m,33.584259100000004,-78.1217178
sheila100,33.584259100000004,-78.1217178
shresthapranesh,33.584259100000004,-78.1217178
shuhan,33.584259100000004,-78.1217178
stsai,33.584259100000004,-78.1217178
sumeetkuthari,33.584259100000004,-78.1217178
tanispyre,33.584259100000004,-78.1217178
tarins,33.584259100000004,-78.1217178
tatymshaw,33.584259100000004,-78.1217178
teron webb,33.584259100000004,-78.1217178
tmasek,33.584259100000004,-78.1217178
trungpham,33.584259100000004,-78.1217178
victoria jordan,33.584259100000004,-78.1217178
xulimeimei,33.584259100000004,-78.1217178
yoamaya14,33.584259100000004,-78.1217178
zack bates,33.584259100000004,-78.1217178
rhodis,38.8997145,-77.04859920000001
bexsil,38.8997145,-77.04859920000001
miftisam,38.8997145,-77.04859920000001
bennydr,38.8997145,-77.04859920000001
mutete 110,-15.387890099999998,28.329733299999997
castoms katongo,-15.387890099999998,28.329733299999997
zelipa,-15.387890099999998,28.329733299999997
lizzie  nabende,-15.387890099999998,28.329733299999997
mfula,-15.387890099999998,28.329733299999997
lgoff,33.584259100000004,-78.1217178
juliakleine,33.584259100000004,-78.1217178
wisniewskin,33.584259100000004,-78.1217178
pluna1,33.584259100000004,-78.1217178
sydneynotman,33.584259100000004,-78.1217178
seancurran,33.584259100000004,-78.1217178
coleedwards920,33.584259100000004,-78.1217178
deioncc,33.584259100000004,-78.1217178
mikew1123,33.584259100000004,-78.1217178
cheyenneb,33.584259100000004,-78.1217178
kylerallen,33.584259100000004,-78.1217178
ryanleethomas,33.584259100000004,-78.1217178
kirbyk,33.584259100000004,-78.1217178
mconant,33.584259100000004,-78.1217178
kantwi,33.584259100000004,-78.1217178
brublanc,33.584259100000004,-78.1217178
reeseray789,33.584259100000004,-78.1217178
codywhit,33.584259100000004,-78.1217178
mandyw,42.796092,-77.82370290000001
emily glaeser,33.584259100000004,-78.1217178
jaime mclaurin,33.584259100000004,-78.1217178
olatubosun,38.8997145,-77.04859920000001
temwani mizinga,-15.387890099999998,28.329733299999997
temwani,-15.387890099999998,28.329733299999997
vaston 02,-15.387890099999998,28.329733299999997
eglina,-15.387890099999998,28.329733299999997
bernard05,-15.387890099999998,28.329733299999997
hildah,-15.387890099999998,28.329733299999997
ilunga natasha,-15.387890099999998,28.329733299999997
patience kay,-15.387890099999998,28.329733299999997
john thompson banda,-15.387890099999998,28.329733299999997
sibonike,-15.387890099999998,28.329733299999997
kamwanya james,-15.387890099999998,28.329733299999997
ellah  n  jere,-15.387890099999998,28.329733299999997
new direction,-15.387890099999998,28.329733299999997
pbrogan,-15.387890099999998,28.329733299999997
natasha b,-15.387890099999998,28.329733299999997
ulendotaizya,-15.387890099999998,28.329733299999997
mushashu,-15.387890099999998,28.329733299999997
chiwila logical,-15.387890099999998,28.329733299999997
benn,-15.387890099999998,28.329733299999997
el almar,-15.387890099999998,28.329733299999997
bruce kalibo,-15.387890099999998,28.329733299999997
emmanuel jr,-15.387890099999998,28.329733299999997
chilufya derrick,-15.387890099999998,28.329733299999997
ruthchilandomusokolenitembo,-15.387890099999998,28.329733299999997
hellen dailofa,-15.387890099999998,28.329733299999997
christabell,-15.387890099999998,28.329733299999997
choolweluwamwa,-15.387890099999998,28.329733299999997
sjoshi_achiever,28.253892600000004,83.97641039999998
wrc std daman,28.253892600000004,83.97641039999998
rabin ojha,28.253892600000004,83.97641039999998
pratixa,28.253892600000004,83.97641039999998
nishaadhikari,28.253892600000004,83.97641039999998
shree krishna adhikari,28.253892600000004,83.97641039999998
akashok,28.253892600000004,83.97641039999998
ujjwal poudel,28.253892600000004,83.97641039999998
kapil dev,28.253892600000004,83.97641039999998
ashokintern,28.253892600000004,83.97641039999998
kavreliashok,28.253892600000004,83.97641039999998
aesome sandy,28.253892600000004,83.97641039999998
shiva krishna chaudhary,28.253892600000004,83.97641039999998
mira neupane,28.253892600000004,83.97641039999998
mamata koirala,28.253892600000004,83.97641039999998
roger anish,28.253892600000004,83.97641039999998
ashmeera dahal,28.253892600000004,83.97641039999998
bimala chhetri,28.253892600000004,83.97641039999998
hillson,28.253892600000004,83.97641039999998
madan thapa j,28.253892600000004,83.97641039999998
surya adhikari,28.253892600000004,83.97641039999998
ppaudyal4,28.253892600000004,83.97641039999998
sagar karki,28.253892600000004,83.97641039999998
dreamershristi,28.253892600000004,83.97641039999998
kabiraj rokaya,28.253892600000004,83.97641039999998
srijana subedi,28.253892600000004,83.97641039999998
kd singh,28.253892600000004,83.97641039999998
bikram26,28.253892600000004,83.97641039999998
rajan kumar adhikari,28.253892600000004,83.97641039999998
pragati28,28.253892600000004,83.97641039999998
lawrence otai,1.0752291,34.175350099999996
ashawthing,0,1
ro sun,28.253892600000004,83.97641039999998
gaurab basnet,28.253892600000004,83.97641039999998
mrnprabhat,28.253892600000004,83.97641039999998
ashish thapa,28.253892600000004,83.97641039999998
kuberm,28.253892600000004,83.97641039999998
evlyn tumwah,1.0752291,34.175350099999996
esunget,1.0752291,34.175350099999996
felix12,1.0752291,34.175350099999996
namu derrico,1.0752291,34.175350099999996
moses kitwi,1.0752291,34.175350099999996
sisye isaiah,1.0752291,34.175350099999996
sauravgautam,28.253892600000004,83.97641039999998
chomba chishala,-15.387890099999998,28.329733299999997
ronnymachika,1.0752291,34.175350099999996
tsebeni,1.0752291,34.175350099999996
herbert256,1.0752291,34.175350099999996
omaatum,1.0752291,34.175350099999996
mafabi erico,1.0752291,34.175350099999996
more,1.0752291,34.175350099999996
dianaalvarez,6.266953300000001,-75.5691113
ana marìa,6.266953300000001,-75.5691113
kitarm,6.266953300000001,-75.5691113
tavom,6.266953300000001,-75.5691113
josepastrana17,6.266953300000001,-75.5691113
andres sejin,6.266953300000001,-75.5691113
tomasvm,6.266953300000001,-75.5691113
santiagovergara,6.266953300000001,-75.5691113
katpatuka,0,1
vivianaaristizábal,6.266953300000001,-75.5691113
ialvarezc,6.266953300000001,-75.5691113
ana maría,6.266953300000001,-75.5691113
jeison garcia lopera,6.266953300000001,-75.5691113
xiomara gelvez pelaez,6.266953300000001,-75.5691113
david1989,6.266953300000001,-75.5691113
paolagiraldo1,6.266953300000001,-75.5691113
juan pablo gómez hernández,6.266953300000001,-75.5691113
jesicagomez,6.266953300000001,-75.5691113
felgonz,6.266953300000001,-75.5691113
sergiomar91,6.266953300000001,-75.5691113
lina_martinez,6.266953300000001,-75.5691113
santiago8a,6.266953300000001,-75.5691113
estefania mora,6.266953300000001,-75.5691113
eydermosquera,6.266953300000001,-75.5691113
zaki.nader_ingenieriaudea,6.266953300000001,-75.5691113
fabio neira alzate,6.266953300000001,-75.5691113
daniela ochoa cadavid,6.266953300000001,-75.5691113
alexandert9,6.266953300000001,-75.5691113
carolina ortega,6.266953300000001,-75.5691113
elber josè pabuena mendoza,6.266953300000001,-75.5691113
mariafpv,6.266953300000001,-75.5691113
fabiolaperez1,6.266953300000001,-75.5691113
renny2808,6.266953300000001,-75.5691113
jorge ríos,6.266953300000001,-75.5691113
josea.rodriguez@udea.edu.co,6.266953300000001,-75.5691113
€heo,6.266953300000001,-75.5691113
jorge ivan villegas cano,6.266953300000001,-75.5691113
andres zc,6.266953300000001,-75.5691113
jhon zuluaga,6.266953300000001,-75.5691113
linares ocean,6.266953300000001,-75.5691113
stiven-rodriguez,6.266953300000001,-75.5691113
maryelena,6.266953300000001,-75.5691113
gina gil,6.266953300000001,-75.5691113
steven rivera,6.266953300000001,-75.5691113
carlosnobles,6.266953300000001,-75.5691113
maria camila ricardo calle,11.5137141,-72.86936299999998
karenmartinez,8.983041400000001,-79.5343503
maritza20er,8.983041400000001,-79.5343503
tinago,8.983041400000001,-79.5343503
stefanieivette,8.983041400000001,-79.5343503
martinezk1012,8.983041400000001,-79.5343503
angelortbless,8.983041400000001,-79.5343503
2408cristinagomez,8.983041400000001,-79.5343503
jfguevara507,8.983041400000001,-79.5343503
lrocha,4.6281349,-74.0653932
angpezam,4.6281349,-74.0653932
weilisiu,12.131849,-86.2698194
ymayorga,12.131849,-86.2698194
garcinette,12.131849,-86.2698194
nababi tracy,1.0752291,34.175350099999996
allan daniel,1.0752291,34.175350099999996
nabulo carol,1.0752291,34.175350099999996
mutenyo joan,1.0752291,34.175350099999996
amuronkatie,1.0752291,34.175350099999996
esteban suárez,6.266953300000001,-75.5691113
sekcore,6.266953300000001,-75.5691113
juliana sepúlveda,6.266953300000001,-75.5691113
andres_villada,6.266953300000001,-75.5691113
andrelly,6.266953300000001,-75.5691113
balberto,6.266953300000001,-75.5691113
asfrod,6.266953300000001,-75.5691113
m alejo,6.266953300000001,-75.5691113
dygeza,1.0752291,34.175350099999996
arthurian arthur,1.0752291,34.175350099999996
georgeous,1.0752291,34.175350099999996
tukei,1.0752291,34.175350099999996
vickiemorine,1.0752291,34.175350099999996
aiko harriet tubby,1.0752291,34.175350099999996
mahabala henry,1.0752291,34.175350099999996
patricia kanyerere,1.0752291,34.175350099999996
ivan 17,1.0752291,34.175350099999996
sarahjoy,1.0752291,34.175350099999996
la_nenemini,12.131849,-86.2698194
argeñaltadeo,12.131849,-86.2698194
lamorenasa,12.131849,-86.2698194
uni1307,12.131849,-86.2698194
dguillen,12.131849,-86.2698194
yaarxz,12.131849,-86.2698194
theclaush,12.131849,-86.2698194
bambayou,7.7325941999999985,-8.8349213
donpaul,7.7325941999999985,-8.8349213
adeline,7.7325941999999985,-8.8349213
foromogobouzatazia,7.7325941999999985,-8.8349213
abdoulaye yalika,7.7325941999999985,-8.8349213
ephraim tandoh,5.115533399999999,-1.2908962
david afo-kangah,5.115533399999999,-1.2908962
altom ebenezer,5.115533399999999,-1.2908962
bert nii odoi manieson,5.115533399999999,-1.2908962
klenam nuworkpor,5.115533399999999,-1.2908962
opoku simon,5.115533399999999,-1.2908962
djan michael atuahene,5.115533399999999,-1.2908962
japhter som odei,5.115533399999999,-1.2908962
attamiah jonas,5.115533399999999,-1.2908962
bright abekah,5.115533399999999,-1.2908962
emmanuel narteh aklie,5.115533399999999,-1.2908962
batsa oaul akumatey,5.115533399999999,-1.2908962
eustace gerald f.,5.115533399999999,-1.2908962
dsane,5.115533399999999,-1.2908962
amoah bartholomew,5.115533399999999,-1.2908962
kyei baffour princess,5.115533399999999,-1.2908962
daddah priscilla,5.115533399999999,-1.2908962
osmjames,5.115533399999999,-1.2908962
lamptey michael,5.115533399999999,-1.2908962
freddyblay,5.115533399999999,-1.2908962
qwajo osm,5.115533399999999,-1.2908962
mbilmarfus154,5.115533399999999,-1.2908962
asante silas obeng,5.115533399999999,-1.2908962
selorm,5.115533399999999,-1.2908962
tusker,5.115533399999999,-1.2908962
carldovi15,5.115533399999999,-1.2908962
gado%20wahab,5.115533399999999,-1.2908962
prescilla,5.115533399999999,-1.2908962
abigail nana ama baidoo,5.115533399999999,-1.2908962
oceanblue,5.115533399999999,-1.2908962
lengendary1,5.115533399999999,-1.2908962
dkq,5.115533399999999,-1.2908962
ekua,5.115533399999999,-1.2908962
lorlonyo,5.115533399999999,-1.2908962
rafat ibrahim,5.115533399999999,-1.2908962
linayeboah,5.115533399999999,-1.2908962
dzifadede,5.115533399999999,-1.2908962
marinsiah,5.115533399999999,-1.2908962
stephen cruickshank mills,5.115533399999999,-1.2908962
abigail ohui appiah,5.115533399999999,-1.2908962
nana ama,5.115533399999999,-1.2908962
adasoogo joseph,5.115533399999999,-1.2908962
akua asantuaa,5.115533399999999,-1.2908962
owusu appiah amos,5.115533399999999,-1.2908962
kobby,5.115533399999999,-1.2908962
tornyeviadzi antoinette,5.115533399999999,-1.2908962
augustine,5.115533399999999,-1.2908962
udjoe,5.115533399999999,-1.2908962
barnabas owusu agyei,5.115533399999999,-1.2908962
queeny123,5.115533399999999,-1.2908962
bernard nyagblordzro,5.115533399999999,-1.2908962
bervelyn,5.115533399999999,-1.2908962
osm bright,5.115533399999999,-1.2908962
carl dovi,5.115533399999999,-1.2908962
charles appiah,5.115533399999999,-1.2908962
christa,5.115533399999999,-1.2908962
obeng nimako,5.115533399999999,-1.2908962
aku sedodo,5.115533399999999,-1.2908962
amoako,5.115533399999999,-1.2908962
afrane,5.115533399999999,-1.2908962
ladydian,5.115533399999999,-1.2908962
blutty,5.115533399999999,-1.2908962
doris ama,5.115533399999999,-1.2908962
ebenezer,5.115533399999999,-1.2908962
osmebenezer,5.115533399999999,-1.2908962
emmanuel adjei gyapong,5.115533399999999,-1.2908962
okwesie,5.115533399999999,-1.2908962
eric aboagye,5.115533399999999,-1.2908962
jackson6,5.115533399999999,-1.2908962
maameyaa,5.115533399999999,-1.2908962
esther mensah,5.115533399999999,-1.2908962
osm ebenezer,5.115533399999999,-1.2908962
osm bert,5.115533399999999,-1.2908962
pkodame,5.115533399999999,-1.2908962
edict01,5.115533399999999,-1.2908962
kwaku_boateng,5.115533399999999,-1.2908962
anthony acquah,5.115533399999999,-1.2908962
awutey francis,5.115533399999999,-1.2908962
afo-kangah,5.115533399999999,-1.2908962
nandjo,5.115533399999999,-1.2908962
imarianne,12.131849,-86.2698194
abdul osm,5.115533399999999,-1.2908962
christiana,5.115533399999999,-1.2908962
osm eugenia,5.115533399999999,-1.2908962
teskov,5.115533399999999,-1.2908962
lina yeboah,5.115533399999999,-1.2908962
fauzia,5.115533399999999,-1.2908962
francisdebrah,5.115533399999999,-1.2908962
francisegoeh,5.115533399999999,-1.2908962
freddy blay,5.115533399999999,-1.2908962
gladys,5.115533399999999,-1.2908962
godfred,5.115533399999999,-1.2908962
musicmonster,5.115533399999999,-1.2908962
jacob blay heys,5.115533399999999,-1.2908962
jso acid,5.115533399999999,-1.2908962
efua ofoe,5.115533399999999,-1.2908962
jennifer,5.115533399999999,-1.2908962
jennifer okwesi,5.115533399999999,-1.2908962
jenny ampomah,5.115533399999999,-1.2908962
kanjin bilinyi futureman,5.115533399999999,-1.2908962
kenneth,5.115533399999999,-1.2908962
gabriel,5.115533399999999,-1.2908962
linda ayaane,5.115533399999999,-1.2908962
louis mawusi,5.115533399999999,-1.2908962
lucy kissiwaah,5.115533399999999,-1.2908962
marfus,5.115533399999999,-1.2908962
martin gbadago,5.115533399999999,-1.2908962
adwoa,5.115533399999999,-1.2908962
izpah,5.115533399999999,-1.2908962
muriel blessed,5.115533399999999,-1.2908962
oscaropoku,5.115533399999999,-1.2908962
obiba,5.115533399999999,-1.2908962
peter @ucc,5.115533399999999,-1.2908962
peter mensah,5.115533399999999,-1.2908962
osm_priscilla,5.115533399999999,-1.2908962
osmpriscilla,5.115533399999999,-1.2908962
ibrahim rafat,5.115533399999999,-1.2908962
ahadzi richard kwasi,5.115533399999999,-1.2908962
richard oppong tieku,5.115533399999999,-1.2908962
gawu richmond teye,5.115533399999999,-1.2908962
kessiwaa,5.115533399999999,-1.2908962
sabina,5.115533399999999,-1.2908962
sam kofi hayford,5.115533399999999,-1.2908962
klaus2g,5.115533399999999,-1.2908962
kofi sammy,5.115533399999999,-1.2908962
fiah silas mawuena,5.115533399999999,-1.2908962
stephen nuamah,5.115533399999999,-1.2908962
stephen oteng dankwah,5.115533399999999,-1.2908962
albysyl,5.115533399999999,-1.2908962
imamtambo,-6.7804132,39.20531400000001
cntar,-6.7804132,39.20531400000001
mirajissa1,-6.7804132,39.20531400000001
sybert,-6.7804132,39.20531400000001
alby winsum,-6.7804132,39.20531400000001
beatym,-6.7804132,39.20531400000001
nassekyl,-6.7804132,39.20531400000001
rehema omar,-6.7804132,39.20531400000001
peter lugenza,-6.7804132,39.20531400000001
meshackstev,-6.7804132,39.20531400000001
hellen mhondo,-6.7804132,39.20531400000001
angu-ngn,-6.7804132,39.20531400000001
william rogers jr,-6.7804132,39.20531400000001
zainab sengeri,-6.7804132,39.20531400000001
hajraali,-6.7804132,39.20531400000001
kalokola,-6.7804132,39.20531400000001
mloweedgar,-6.7804132,39.20531400000001
rugila,-6.7804132,39.20531400000001
urrasa02,-6.7804132,39.20531400000001
emrecan issa,-6.7804132,39.20531400000001
airin nila,23.7339937,89.607216
maliha mohiuddin,23.7339937,89.607216
nayeema,23.7339937,89.607216
raisa noor,23.7339937,89.607216
anna makata,-15.3765857,35.3356518
pilimapper,-15.3765857,35.3356518
ethel vinjeru,-15.3765857,35.3356518
ndapile,-15.3765857,35.3356518
tiwonge sakala,-15.3765857,35.3356518
asher nkhata,-15.3765857,35.3356518
josephine kalimbuka,-15.3765857,35.3356518
rosina phiri,-15.3765857,35.3356518
mary waisi,-15.3765857,35.3356518
wanangwa munthali,-15.3765857,35.3356518
freddy69,-15.3765857,35.3356518
wanje,-15.3765857,35.3356518
apasulani,-15.3765857,35.3356518
zola manyungwa,-15.3765857,35.3356518
captain maya,-15.3765857,35.3356518
sncorrigan,38.9869183,-76.9425543
jhaver,38.9869183,-76.9425543
ceb13,38.9869183,-76.9425543
kombe1207,-6.7804132,39.20531400000001
legendary1,5.115533399999999,-1.2908962
dativa chuwa,-6.7804132,39.20531400000001
esther goga,-6.7804132,39.20531400000001
lorlonyo1,5.115533399999999,-1.2908962
aneth nemes,-6.7804132,39.20531400000001
bikingpadres,38.9869183,-76.9425543
bsolobotsky@gmail.com,38.9869183,-76.9425543
jerryyang875@gmail.com,38.9869183,-76.9425543
caleb123edem,5.298484999999999,-2.001271
thadyno,5.298484999999999,-2.001271
evanslomzy,5.298484999999999,-2.001271
m4mieza,5.298484999999999,-2.001271
kingluther,5.298484999999999,-2.001271
chal2adams,5.298484999999999,-2.001271
karisstilda,5.298484999999999,-2.001271
michris,5.298484999999999,-2.001271
kwesiphredy,5.298484999999999,-2.001271
kweikublankson,5.298484999999999,-2.001271
williamsnsiah,5.298484999999999,-2.001271
walter mayeku,6.864455299999999,7.408288299999999
pada peter,6.864455299999999,7.408288299999999
delemoses,6.4251849000000005,7.5044343
nmasinach praisegod,6.864455299999999,7.408288299999999
julietamaka,6.4251849000000005,7.5044343
emekaking,6.4251849000000005,7.5044343
"rex,jason",6.4251849000000005,7.5044343
chisom okwuchi,6.4251849000000005,7.5044343
obianuju,6.4251849000000005,7.5044343
godwin,6.4251849000000005,7.5044343
enyendu valentine,6.4251849000000005,7.5044343
7054365840,6.4251849000000005,7.5044343
nelson721,6.4251849000000005,7.5044343
lurex2rhyme,6.4251849000000005,7.5044343
maryann,6.4251849000000005,7.5044343
victor,6.4251849000000005,7.5044343
chinyere,6.4251849000000005,7.5044343
adeoye solomon,6.4251849000000005,7.5044343
de-bullgeomatics,6.4251849000000005,7.5044343
kingvik,6.4251849000000005,7.5044343
genius001,6.4251849000000005,7.5044343
sheks,6.4251849000000005,7.5044343
junniepat,6.4251849000000005,7.5044343
bishop,6.4251849000000005,7.5044343
samuel825,6.4251849000000005,7.5044343
obasiinnocent,6.4251849000000005,7.5044343
ogbonna chinnatu ayomarita,6.4251849000000005,7.5044343
heavenjoy,6.4251849000000005,7.5044343
sterling umoren,6.4251849000000005,7.5044343
clinton sochima,6.4251849000000005,7.5044343
heavnjoy,6.4251849000000005,7.5044343
okwudili,6.4251849000000005,7.5044343
prosperex,6.4251849000000005,7.5044343
anne59,6.4251849000000005,7.5044343
enugu,6.4251849000000005,7.5044343
yes,6.4251849000000005,7.5044343
ugovido,6.4251849000000005,7.5044343
mr_enabs,6.4251849000000005,7.5044343
horluchey,6.4251849000000005,7.5044343
hygi,6.4251849000000005,7.5044343
mogul,6.864455299999999,7.408288299999999
prisca nnetu,6.864455299999999,7.408288299999999
nmasinachi praisegod,6.864455299999999,7.408288299999999
djcocktail,6.864455299999999,7.408288299999999
oguejiofor christian,6.864455299999999,7.408288299999999
ezenta,6.864455299999999,7.408288299999999
mikey,6.864455299999999,7.408288299999999
chikasonia,6.864455299999999,7.408288299999999
kaycelucerna,6.864455299999999,7.408288299999999
pixiee,6.864455299999999,7.408288299999999
princeayogu,6.864455299999999,7.408288299999999
samheart,6.864455299999999,7.408288299999999
5y4r,6.864455299999999,7.408288299999999
bedemore,6.864455299999999,7.408288299999999
ikwecheghemmanuel,6.864455299999999,7.408288299999999
leonard0884,6.864455299999999,7.408288299999999
keenec,44.0448302,-56.927394500000005
gregfitz04,44.0448302,-56.927394500000005
loden,44.0448302,-56.927394500000005
vicksun,4.901797599999999,6.920453200000001
ewa emmanuel,4.901797599999999,6.920453200000001
saviour owujie,4.901797599999999,6.920453200000001
blessing84,4.901797599999999,6.920453200000001
dubem,4.901797599999999,6.920453200000001
ekuew joseph,4.901797599999999,6.920453200000001
dr ify,4.901797599999999,6.920453200000001
jerryoh,4.901797599999999,6.920453200000001
blessing,4.901797599999999,6.920453200000001
nenyefidence,4.901797599999999,6.920453200000001
cookey tammy,4.901797599999999,6.920453200000001
sonia ekeleme,4.901797599999999,6.920453200000001
omah patrick,4.901797599999999,6.920453200000001
dapsy,4.901797599999999,6.920453200000001
rallypoint,4.901797599999999,6.920453200000001
princetongirl2015,4.901797599999999,6.920453200000001
anita,4.901797599999999,6.920453200000001
prymize,4.901797599999999,6.920453200000001
benny005,4.901797599999999,6.920453200000001
onyige levi,4.901797599999999,6.920453200000001
elsie,4.901797599999999,6.920453200000001
djtulop,4.901797599999999,6.920453200000001
mercydelight,4.901797599999999,6.920453200000001
siad,6.864455299999999,7.408288299999999
waamene,4.901797599999999,6.920453200000001
bethel,4.901797599999999,6.920453200000001
miles,4.901797599999999,6.920453200000001
benson ikechukwu,4.901797599999999,6.920453200000001
emmanuel,4.901797599999999,6.920453200000001
moyin,4.901797599999999,6.920453200000001
prince victor,4.901797599999999,6.920453200000001
8035736384,4.901797599999999,6.920453200000001
sira togho,4.901797599999999,6.920453200000001
nwibany,4.901797599999999,6.920453200000001
olaniyi,4.901797599999999,6.920453200000001
ndikye,4.901797599999999,6.920453200000001
luiz lugard,4.901797599999999,6.920453200000001
prechizzy,4.901797599999999,6.920453200000001
desychizzy,4.901797599999999,6.920453200000001
basilo,4.901797599999999,6.920453200000001
joelwillzz98,4.901797599999999,6.920453200000001
praise007,4.901797599999999,6.920453200000001
joewill,4.901797599999999,6.920453200000001
supreme,4.901797599999999,6.920453200000001
jay jay,4.901797599999999,6.920453200000001
triumph,4.901797599999999,6.920453200000001
possibility@2020,4.901797599999999,6.920453200000001
emmyboy07,4.901797599999999,6.920453200000001
nonsochivalrous,4.901797599999999,6.920453200000001
ezedike,4.901797599999999,6.920453200000001
mary victoria,4.901797599999999,6.920453200000001
daniella009,4.901797599999999,6.920453200000001
idowu vincent adeyinka,4.901797599999999,6.920453200000001
veteran,4.901797599999999,6.920453200000001
ekems50,4.901797599999999,6.920453200000001
onyinyechi,4.901797599999999,6.920453200000001
chidinma ogbonnaya,4.901797599999999,6.920453200000001
umeuduji,4.901797599999999,6.920453200000001
samcham1,-25.7545492,28.231447600000003
lucekruger29,-25.7545492,28.231447600000003
matsubu,-25.7545492,28.231447600000003
luqmaan hassim,-25.7545492,28.231447600000003
amy wootton,-25.7545492,28.231447600000003
tavvy,-25.7545492,28.231447600000003
larissa_pillay,-25.7545492,28.231447600000003
ejdavis,-25.7545492,28.231447600000003
mh28_geo,-25.7545492,28.231447600000003
skarimg,-25.7545492,28.231447600000003
brobroma,-25.7545492,28.231447600000003
saharder,-25.7545492,28.231447600000003
aseidler,-25.7545492,28.231447600000003
e_geo,-25.7545492,28.231447600000003
alexanderchen,33.996112,-81.0274276
rjfranke,33.996112,-81.0274276
rwindisc,33.996112,-81.0274276
theamai10,34.0223519,-61.714883
thorsley,34.0223519,-61.714883
gabriela mapriola,34.0223519,-61.714883
yummycheerios,34.0223519,-61.714883
lee6nikki,34.0223519,-61.714883
trilbybuck,34.0223519,-61.714883
hpondo,34.0223519,-61.714883
@kyledow2,34.0223519,-61.714883
alxandraking,34.0223519,-61.714883
hugheska97,34.0223519,-61.714883
ethan2017,34.0223519,-61.714883
dimitri_uvic,34.0223519,-61.714883
cfranciska,52.3792525,-1.5614704
wbuyu,52.3792525,-1.5614704
shah mousalli,52.3792525,-1.5614704
s.yuan5@warwick.ac.uk,52.3792525,-1.5614704
nicolehen,52.3792525,-1.5614704
mariapetrescu,52.3792525,-1.5614704
vaggpit,52.3792525,-1.5614704
uphil,52.3792525,-1.5614704
ruth m.c tembo,-15.387890099999998,28.329733299999997
kumbanamargaret,-15.387890099999998,28.329733299999997
rhoda mapunda,39.6361396,-79.95593579999998
dshearer,39.6361396,-79.95593579999998
tompkins,39.6361396,-79.95593579999998
matt tylutki,39.6361396,-79.95593579999998
zacrydi,39.6361396,-79.95593579999998
sicampbell,39.6361396,-79.95593579999998
evareli,39.6361396,-79.95593579999998
kahicks,39.6361396,-79.95593579999998
vplawrence,39.6361396,-79.95593579999998
smalcom2,39.6361396,-79.95593579999998
emmcwreath,39.6361396,-79.95593579999998
hemarshall,39.6361396,-79.95593579999998
randpeck,39.6361396,-79.95593579999998
jakevmapman,39.6361396,-79.95593579999998
nperetti,39.6361396,-79.95593579999998
jtodd38000,39.6361396,-79.95593579999998
ealienhard,39.6361396,-79.95593579999998
premson,33.996112,-81.0274276
ap_clim,33.996112,-81.0274276
itsukishindo,33.996112,-81.0274276
rcampbe1,33.996112,-81.0274276
dlml1776,33.996112,-81.0274276
yukiejiang,33.996112,-81.0274276
mapmaker lp,33.996112,-81.0274276
amarrington,39.6361396,-79.95593579999998
imrobinson,39.6361396,-79.95593579999998
bamartin,39.6361396,-79.95593579999998
vicado,1,0
esaie_dufitimana,-1.500872,29.6111576
welshie,0,1
la2,0,1
davidearl,0,1
timsc_data_cc0_to_andy_allan,0,1
barrieu,0,1
jons,0,1
cagri,0,1
filling in the blanks,0,1
andrew_s,0,1
gregory williams,0,1
crid,0,1
cyberbadger,0,1
fluffhouse,0,1
blackadder,0,1
ben,0,1
ally76,0,1
nhoffm,0,1
tommg,0,1
stev,0,1
stephen,0,1
steve chilton,0,1
jennyh,0,1
tomh,0,1
shakespearefan00,0,1
willie angus,0,1
cvi,0,1
hakan,0,1
riad,0,1
dd1,0,1
jochta,0,1
stevie d,0,1
urbanrambler,0,1
brianboru,0,1
tomevans,0,1
matthew newton,0,1
dylan hayes,0,1
nikkinikki,0,1
grizzly baer,0,1
jon oates,0,1
petereastern,0,1
rollercow,0,1
ron wellsted,0,1
smsm1,0,1
peter_james,0,1
mapper_07,0,1
drmark,0,1
jonnyh,0,1
neilb,0,1
shiraga,0,1
micko,0,1
elvin ibbotson,0,1
tms13,0,1
nickf22,0,1
chris morley,0,1
steve bennett,0,1
hvw,0,1
phil shipley,0,1
skywave,0,1
richard,0,1
jnet,0,1
marscot,0,1
mikes,0,1
papaspoof,0,1
james derrick,0,1
diego guidotti,0,1
graham jones,0,1
sam  richards,0,1
nic o,0,1
nick hill,0,1
rowland,0,1
-bg-,0,1
proterra,0,1
crouchingbadger,0,1
koolkat,0,1
harry wood,0,1
livingwithdragons,0,1
dbisping,0,1
marinheiro,0,1
fidgit,0,1
nickw,0,1
avantman42,0,1
g3yac,0,1
amck,0,1
daj9,0,1
besiktastan,0,1
simonm,0,1
sciuro,0,1
jez,0,1
suborbitalpigeon,0,1
dave_a_f,0,1
stephen o'neill,0,1
cbm,0,1
user_info_not_provided,0,1
bud,0,1
mark williamson,0,1
richardb,0,1
twohats,0,1
paul todd,0,1
thomshannon,0,1
randomjunk,0,1
shiny black shoe,0,1
julian gibson,0,1
displaynametaken,0,1
robert,0,1
dom,0,1
dotbaz,0,1
dmgroom_coastlines,0,1
dmgroom,0,1
rjmunro,0,1
chris fleming,0,1
al21,0,1
neufeind,0,1
pray4mojo,0,1
alan,0,1
firefishy,0,1
bleachin,0,1
gagravarr,0,1
ddixon,0,1
mfirbank,0,1
ben harris,0,1
philipcullen,0,1
jonathan bennett,0,1
djam,0,1
steven whitehouse,0,1
kesterlester,0,1
user_5121,0,1
gqjtcbit,0,1
coastlines-rjb,0,1
chillly,0,1
dolphinpix,0,1
michaelcollinson,0,1
mikefalzon,0,1
firebird_uk,0,1
southglos,0,1
redrum,0,1
woodpeck,0,1
steve hill,0,1
sk53,0,1
edward,0,1
lab,0,1
steve clark,0,1
pensierolaterale,0,1
comsomol,0,1
morwen,0,1
creakybike,0,1
pohb,0,1
steven te brinke,0,1
spookster,0,1
mjd,0,1
leedstracker,0,1
wzab,0,1
bmg1900,0,1
gh975223,0,1
geoffbow,0,1
someoneelse,0,1
sladen,0,1
strange but untrue,0,1
davidjames,0,1
brandybordeaux,0,1
retselkim,0,1
adam boardman,0,1
naffchap,0,1
kyle gordon,0,1
bahnpirat,0,1
fahrrad,0,1
thomasklosa,0,1
corfiot58,0,1
nick austin,0,1
twain,0,1
mikh43,0,1
steve hosgood,0,1
alun,0,1
malcolm boura,0,1
squeakyfish,0,1
andrewpmk,0,1
deanna earley,0,1
petzlux,0,1
dfae,0,1
pete reed,0,1
utilisateur anonyme,0,1
ksbrown,0,1
paul y,0,1
ilrobi,0,1
pobice,0,1
watschel,0,1
matt,0,1
k4nt3,0,1
gerry mcgarry,0,1
catafalque,0,1
panmat,0,1
brwk,0,1
john swainston,0,1
freyfogle,0,1
ymapper,0,1
mackerski,0,1
ollie,0,1
reca,0,1
dupleix,0,1
robtig,0,1
paulhurleyuk,0,1
simon daw,0,1
biibo,0,1
andrew findlay,0,1
geoff richards,0,1
moyogo,0,1
rnorton,0,1
5ee,0,1
bachel,0,1
andy allan,0,1
gercokees,0,1
alex mckee,0,1
paul brook,0,1
donald allwright,0,1
simonb65,0,1
gd-wg,0,1
dtmf,0,1
aled,0,1
norky,0,1
purzel,0,1
markobr,0,1
balrog-kun,0,1
irrfahrt,0,1
mister b,0,1
tali'sman,0,1
robert whittaker,0,1
peilscheibe,0,1
allosaur,0,1
maik-l,0,1
tallguy,0,1
blitz3118,0,1
tom judd,0,1
daveemtb,0,1
warofdreams,0,1
central america,0,1
russell howe,0,1
lonvia,0,1
richardwest,0,1
ffnick,0,1
greecemapper,0,1
markpos,0,1
ulfl,0,1
hornbydd2,0,1
gideonr0,0,1
sergio,0,1
mattylaws,0,1
tyfy,0,1
wopozka,0,1
disgruntled,0,1
martin green,0,1
mfi,0,1
fordp,0,1
henri bergius,0,1
agentmancuso,0,1
graham,0,1
simone,0,1
tomt,0,1
mikelima,0,1
chrisb,0,1
gpesquero,0,1
axel584,0,1
stevec,0,1
jeluf,0,1
frafra,45.4781071,9.227276400000001
alextingle,0,1
nickb,0,1
nik looker,0,1
ams501,0,1
reg tubby,0,1
edp,0,1
guggis,0,1
oddsocks,0,1
eai,0,1
giles and family,0,1
xoff,0,1
dwob,0,1
raw,0,1
jackchallen,0,1
andymn,0,1
jorre,0,1
pointdee,0,1
sparkiethegreat,0,1
ed avis,0,1
grumpylump,0,1
aldoc,0,1
robbieonsea,0,1
mgeiser,0,1
brenreid,0,1
gla_weiss,0,1
tom chance,0,1
frodrigo,0,1
plan_at_upload_by_wolfgang_wasserburger,0,1
johnny carlsen,0,1
gerv,0,1
peter hibbert,0,1
aliwoo,0,1
dysteleologist,0,1
pault,0,1
cclark,0,1
jhin,0,1
roboneale,0,1
shaun mcgrath,0,1
neil morrison,0,1
asparagustips,0,1
paper,0,1
antonyking,0,1
blackfive,0,1
robert collier,0,1
axean,0,1
guineapig,0,1
titan232,0,1
mustangsal,0,1
motophil,0,1
steve(ef),0,1
talkytoasteruk,0,1
paul martin,0,1
ainsworth,0,1
heinz_v,0,1
vclaw,0,1
robw,0,1
velella,0,1
matt76x,0,1
thepaperboy,0,1
schematicmapper,0,1
neil bauers,0,1
thestub,0,1
rsoden,0,1
tmcw,0,1
locator,0,1
stilgarbf,0,1
clarinet2,0,1
c2r,0,1
dcp,0,1
mdt3k,0,1
jagor,0,1
ro,0,1
ben_c,0,1
ted pottage,0,1
blazejos,0,1
brycedrm,0,1
edom,0,1
x raiders,0,1
gokalp,0,1
jberanek,0,1
jolly47roger,0,1
griszelda,0,1
atom oil,0,1
sc71,0,1
miked29,0,1
longwayround,0,1
mike nolan,0,1
canuckflyboy,0,1
ortylp,0,1
seventy7,0,1
kaerast,0,1
mister t,0,1
sandervalya,0,1
rpurdie,0,1
has4,0,1
intheuk,0,1
mot,0,1
samlarsen1,0,1
rad,0,1
guy,0,1
winber,0,1
rightway,0,1
antil,0,1
talkat,0,1
berto,0,1
tombola,0,1
alan vos,0,1
g4x,0,1
dtr20,0,1
penelope,0,1
osbornec,0,1
david martin,0,1
iainmaclean,0,1
tiger_old,0,1
micw,0,1
naptan,0,1
tronikon,0,1
neil hoggarth,0,1
pedro duarte,0,1
njal,0,1
seyms,0,1
nickbroon,0,1
qwem,0,1
bass,0,1
marvpars,0,1
spiffy mapper,0,1
nilz,0,1
jeffb,0,1
steve brophy,0,1
andy street,0,1
mark_s,0,1
jmb,0,1
ropino,0,1
suffolk lad,0,1
pikorr,0,1
dave fisher,0,1
paulledbury,0,1
uilebheist,0,1
rr8,0,1
helhet,0,1
zetter,0,1
slaughteredlamb,0,1
cjs80,0,1
ansgar,0,1
phatman,0,1
merstham mafia,0,1
kaivi,0,1
burto,0,1
reichemi,0,1
jaygeeos,0,1
guido piazzi,0,1
7evenl,0,1
trompeter,0,1
brucer,0,1
bluedog,0,1
lensitivity,0,1
arican,0,1
xschaeffer,0,1
emperor,0,1
thomas1950,0,1
jriddell,0,1
nickthephreak,0,1
xteejx,0,1
docproc,0,1
clcf06,0,1
mikey687,0,1
learie,0,1
gps-marco,0,1
osmapb1,0,1
swindontaffia,0,1
elliot100,0,1
staffan_t,0,1
colin dalton (csd),0,1
kollege moevenpick,0,1
datameister,0,1
emj,0,1
plexi32,0,1
peter1919,0,1
henri nord,0,1
andrewarm,0,1
hferrier,0,1
dave w farthing,0,1
rparrygbr,0,1
mapryan,0,1
mortenjc,0,1
cunningplan,0,1
finbref,0,1
pwolf,0,1
fcrump,0,1
zbigniew_czernik,0,1
matsmith,0,1
1248,0,1
ashimema,0,1
edloach,0,1
mockcyclist,0,1
cotswolds,0,1
leojth,0,1
johnsdixon,0,1
mapistanbul,0,1
grahamb47,0,1
saltmarsh,0,1
menace64,0,1
kaitu,0,1
tyggy,0,1
trekki,0,1
albedomuon,0,1
fred labrosse,0,1
davespod,0,1
pink duck,0,1
myfanwy,0,1
rrr,0,1
hawkeye,0,1
bobjf,0,1
drcrooke,0,1
gjall1973,0,1
rww100,0,1
toffehoff,0,1
ppino,0,1
evolvedlight,0,1
alanthenomad,0,1
dalesman,0,1
antikalk,0,1
inventor,0,1
hateclimbs,0,1
robin gawlik,0,1
geom,0,1
sailor steve,0,1
the maarssen mapper,0,1
former osm contributor,0,1
dollsworth,0,1
tim morley,0,1
0123456789,0,1
kevin steinhardt,0,1
pauluk,0,1
sturzenegger,0,1
merto,0,1
francis c,0,1
homme,0,1
nevster07,0,1
aws13,0,1
darren39,0,1
piedwagtail91,0,1
jd92,0,1
kevinlippiatt,0,1
indigomc,0,1
mrmorden,0,1
joao carreiro,0,1
toen,0,1
dieterdreist,0,1
solent,0,1
laser jock,0,1
bayerwald,0,1
peter walker,0,1
magellan,0,1
ls6pilot,0,1
mjulius,0,1
jeni,0,1
simpcup,0,1
jfnif,0,1
the_smile,0,1
enrico rossi,0,1
zimmerleut,0,1
walkingman,0,1
iknowjoseph,0,1
dave_the_camelion,0,1
malcolmh,0,1
flowdam,0,1
mapsine3,0,1
bnowic,0,1
tonywalton,0,1
rjmurray,0,1
oglord,0,1
chris parker,0,1
curtis3250692,0,1
hbunnet,0,1
lucapescatore,0,1
albertux,0,1
haggman,0,1
mold0101,0,1
gnurk,0,1
ijmacd,0,1
a_c,0,1
shirokazan,0,1
spenny,0,1
rogerc,0,1
stikonas,0,1
theorybug,0,1
ti_marner,0,1
sjn,0,1
tim bl,0,1
ericito,0,1
grahams,0,1
manor09,0,1
cyclop,0,1
kell0ggs,0,1
matt cleaver,0,1
wynndale,0,1
green1984,0,1
kamikazekalle,0,1
joe e,0,1
jan coombs,0,1
islestonepete,0,1
mixal11,0,1
mpr,0,1
axelf,0,1
ruan,0,1
augustus kling,0,1
cgt,0,1
jamicu,0,1
w roelofs,0,1
sobbomapper,0,1
brian campbell,0,1
mauls,0,1
petertm,0,1
alfa4,0,1
andypreece,0,1
mapper100,0,1
madprof,0,1
pfad-finder,0,1
redfox,0,1
bones,0,1
a_henderson,0,1
alan bailey,0,1
hlindhe,0,1
john mann,0,1
simon josefsson,0,1
kaleda,0,1
männedorf,0,1
captain tancredi,0,1
mplusplus,0,1
koszatek,0,1
mce,0,1
kcordina,0,1
brechiner,0,1
zirihta,0,1
slowlane,0,1
someplacemapper,0,1
bikenick,0,1
paul the archivist,0,1
png-friend,0,1
blumpsy,0,1
letterkenny,0,1
beelsebob,0,1
cycleman66,0,1
håkon,0,1
wo gehen wir hin,0,1
john & felicity,0,1
addpaws,0,1
hotelsierra,0,1
steve_ni,0,1
siggib,0,1
fraserkp,0,1
red_phil,0,1
pmz,0,1
chaesubrot,0,1
tim rawling,0,1
tamritt,0,1
richardm565,0,1
stefanwillmeroth,0,1
finnr,0,1
abc26324,0,1
homerjay69,0,1
darkflash,0,1
lukasm,0,1
smudge,0,1
rapidografek,0,1
craigloftus,0,1
wilpin,0,1
heezy,0,1
m902,0,1
charking,0,1
topcat,0,1
denzil,0,1
philip shore,0,1
vanmhit,0,1
toubabou,0,1
peter maiwald,0,1
notria,0,1
andreas cierpka,0,1
miscosm,0,1
quazgar,0,1
suncobalt,0,1
schusch,0,1
lucioge,0,1
j_omcc,0,1
u7ex72d,0,1
amm,0,1
fady,0,1
cjbrooker,0,1
fatjoe,0,1
crazysherlock0815,0,1
kingston-upon-null,0,1
iain1940,0,1
carlod,0,1
lucabonpub,0,1
fischersfritz,0,1
omaradib,0,1
marl,0,1
dave72,0,1
obelix17,0,1
pawcio,0,1
rf_public,0,1
steeley,0,1
martin_wgc,0,1
whateverwhat,0,1
lchadwick,0,1
xylome,0,1
rantoutloud,0,1
bangla,0,1
alpman,0,1
bcnorwich,0,1
vnjones,0,1
pathfinder2009,0,1
mikel,0,1
yargil,0,1
phut,0,1
florianheer,0,1
gormur,0,1
delphin,0,1
sundance,0,1
ivanatora,0,1
liftarn,0,1
jamesks,0,1
aridehal,0,1
7503146,0,1
mwbg,0,1
ernesto1974,0,1
benwatt,0,1
pantherns,0,1
tomas straupis,0,1
chris boucher,0,1
steiny23uk,0,1
mapper999,0,1
duncaninnes,0,1
venerdi,0,1
iccaldwell,0,1
märkj,0,1
ggezz,0,1
rlrobinson,0,1
pa94,0,1
usbrit,0,1
eimai,0,1
cicerone,0,1
davidkw,0,1
fips,0,1
a_snail,0,1
eclectic penguin,0,1
koenverheyenbe,0,1
gruffers,0,1
vagabond,0,1
zenon,0,1
neil_c,0,1
osmosmosmosmosm,0,1
stigh,0,1
tooslow,0,1
schwedenhagen,0,1
anna_ag,0,1
mbale 2,0,1
willhelm_mueller,0,1
alexmol,0,1
ben wheatley,0,1
michaelinredhill,0,1
mthalmei,0,1
garmoran,0,1
bionico,0,1
clara,0,1
superglue,0,1
ale_zena_it,0,1
alf_chac,0,1
andre engels,0,1
krysst,0,1
davemorey,0,1
monxton,0,1
antwelm,0,1
mathbau,0,1
esperanza36,0,1
chriscf,0,1
mr_israel,0,1
b1rac,0,1
taedet,0,1
bskick,0,1
zartbitter,0,1
ohr,0,1
randomgurn,0,1
riche,0,1
franceosm,0,1
gulu hus,0,1
matt cooper,0,1
lutze64,0,1
jean-marc liotier,0,1
mickstephenson,0,1
dankarran,0,1
nahit,0,1
scai,0,1
denluk,0,1
e van hoek,0,1
chdr,0,1
aighes,0,1
szpaula,0,1
chinnorboy,0,1
mitchap,0,1
leuty,0,1
technologic,0,1
jclem,0,1
petej,0,1
phobie,0,1
zvenzzon,0,1
ole laursen,0,1
jeffh,0,1
headlanders,0,1
manicrjs,0,1
sergey astakhov,0,1
gmh04,0,1
trowelman,0,1
legshaver,0,1
davef,0,1
quantumstate,0,1
geomillimeter,0,1
sdoerr,0,1
fifteenthirty9,0,1
umbep,0,1
jazarfinn,0,1
bigbadad,0,1
tonguea1,0,1
rosty,0,1
axel2009,0,1
andrewbuck,0,1
bard9,0,1
johnnycl,0,1
xybot,0,1
mini-titan,0,1
diomas,0,1
nightwatcher,0,1
drnoble,0,1
mannequinzod,0,1
kaid,0,1
arlas,0,1
rojjodo,0,1
geoffjones,0,1
jamesl,0,1
dmgroom_ct,0,1
derick rethans,0,1
sniped222,0,1
archie,0,1
hirael,0,1
matze44,0,1
ca_hoot,0,1
avdongen,0,1
someplacemapperct,0,1
yatzek_26,0,1
manksman,0,1
dmeehan,0,1
jfire,0,1
claudius henrichs,0,1
wfischer,0,1
paul day,0,1
alovell,0,1
nykr1978,0,1
mattblack82,0,1
zubbel,0,1
peanutz,0,1
isotropo,0,1
yiannisd,0,1
pherison,0,1
laverock,0,1
armitatz,0,1
srbrook,0,1
skylark,0,1
borbus,0,1
the islander,0,1
ainikolas,0,1
simone saviolo,0,1
cpl_uhl,0,1
spant,0,1
ursus,0,1
michael63,0,1
keithhalstead,0,1
msdetroit,0,1
yoiks and away,0,1
burnyb,0,1
dlmatthews,0,1
craigawilson,0,1
h2g2bob,0,1
the hornet,0,1
netman55,0,1
friedl,0,1
terry b,0,1
hollerz,0,1
rahden 16,0,1
sekai,0,1
billhall,0,1
jasea,0,1
stephenrd,0,1
huw waters,0,1
telsig,0,1
cboothroyd,0,1
proud salopian,0,1
jphilip,0,1
johnrl,0,1
bigalxyz123,28.253892600000004,83.97641039999998
pawelj,0,1
balin,0,1
dam63,0,1
yom1,0,1
nzara,0,1
stsch,0,1
seumas,0,1
thestork,0,1
cedcab,0,1
sumnulu,0,1
myoung,0,1
lückenfüller,0,1
zweck,0,1
beardyshaw,0,1
unicorn,0,1
jyve,0,1
bikemi,0,1
john paul jones & gringo,0,1
mapinator,0,1
mossman,0,1
tompople,0,1
almich,0,1
kadoch,0,1
rob lycett,0,1
grondin,0,1
ghostyuk,0,1
banoffee,0,1
marek kleciak,0,1
beppeu,0,1
freek,0,1
krispyduck,0,1
yves mahéo,0,1
jpsa,0,1
mel-ray,0,1
ak-tr,0,1
karto,0,1
spod,0,1
báthorypéter,0,1
pbm,0,1
zibior2,0,1
mattfromderby,0,1
bierbo,0,1
rando67,0,1
ëdzëronk,0,1
unieagle,0,1
borisc,0,1
skald,0,1
melaskia,0,1
schiller2,0,1
hilary phillips,0,1
boatrunner,0,1
frenftle,0,1
paul webster,0,1
sofaman,0,1
tilln,0,1
zahilb,0,1
blacksheep,0,1
wjwb,0,1
dima m,0,1
ozgurkinaci,0,1
reaktor,0,1
eugene,0,1
dazzac,0,1
helenne,0,1
followmechaps,0,1
kosmosonda,0,1
emil300,0,1
wjrh,0,1
enrico_v,0,1
geowas,0,1
mth,0,1
rayman,0,1
joelholdsworth,0,1
andy mackey,0,1
meet00,0,1
beanfeast,0,1
hillwithsmallfields,0,1
bramble,0,1
dave stanley,0,1
philipjohn,0,1
vlad,0,1
ff808,0,1
rwamartin,0,1
burger_king,0,1
dw97,0,1
fabien perrot,0,1
foxandpotatoes,0,1
holgerjeromin,0,1
inisheer,0,1
cmartin,0,1
johnmb,0,1
gaetano61,0,1
eriosw,0,1
jakednb,0,1
flairreisen,0,1
raitisx,0,1
montemike,0,1
timwi,0,1
hillblagger,0,1
samobryson,0,1
henwood,0,1
miros mari,0,1
leo22,0,1
codingspace,0,1
pieren,0,1
okilimu,0,1
eric v,0,1
daren church,0,1
sorbus_x_kewensis,0,1
maxfaz,0,1
midlandsdave,0,1
walter schlögl,0,1
alexhamm,0,1
digby,0,1
terry-in-scotland,0,1
flumpdaddy,0,1
rockaardvark,0,1
samcollett,0,1
iece,0,1
ablansinger,0,1
truchin,0,1
ctait,0,1
lukas carpelan,0,1
mattaldred,0,1
saridon,0,1
northberic,0,1
mrpacmanmap,0,1
fredb,0,1
wankmann,0,1
grub,0,1
runningman,0,1
meihou,0,1
deadalus,0,1
busdoc,0,1
bigboss,0,1
mark from krefeld,0,1
nickhatt,0,1
jonwil28,0,1
mherweg,0,1
jethro10,0,1
johanemilsson,0,1
masseytech,0,1
robbob700,0,1
grimothy,0,1
trigpoint,0,1
uk_jay,0,1
ratrun,0,1
sacepni,0,1
edallen,0,1
rubensd,0,1
ignobilis,0,1
corskie,0,1
kaeru,0,1
cheshirecat4,0,1
local mapper,0,1
docschenk,0,1
nautic,0,1
arco,0,1
mcld,0,1
nikola smolenski,0,1
irm2204,0,1
biketyke,0,1
ivankauk,0,1
al nicol,0,1
petrovsk,0,1
zorac,0,1
geofreund1,0,1
stephen_co_antrim,0,1
aesmith,0,1
joedal-osm,0,1
dan wood,0,1
mildertduck,0,1
trieste,0,1
oytun,0,1
rfwebster,0,1
harfus,0,1
elbatrop,0,1
timmhwhitehouse,0,1
jk1,0,1
michalgt86,0,1
rouni,0,1
jgoines,0,1
crgas,0,1
sipronunciaaigor,0,1
domcsi,0,1
djanda,0,1
quicky,0,1
stellanl,0,1
zingyyellow,0,1
jodastephen,0,1
johnc51,0,1
dylan8902,0,1
spark,0,1
pealringer,0,1
bj9k,0,1
pamman,0,1
erdemkulunk,0,1
firecred,0,1
whitelion808,0,1
joakimfors,0,1
douglo,0,1
chrisbvb09,0,1
jonathanr,0,1
heliolit,0,1
sifellows,0,1
abitgone,0,1
dna100,0,1
poc86,0,1
sutt,0,1
trubshaw,0,1
caulfeild,0,1
billio,0,1
timothy baldwin,0,1
sergio7826,0,1
charanpolarl,0,1
mappo,0,1
bearglobe1,0,1
mentor,0,1
hobgoblin,0,1
olcomm_ild_inr,0,1
terrencem,0,1
marcus2076,0,1
insoucaint,0,1
kristal,0,1
tomrobin29,0,1
ehm1806,0,1
nucularbum,0,1
gyros,0,1
ed lazda,0,1
herfel,0,1
yoko99,0,1
yorvik prestigitator,0,1
bfirsh,0,1
yigit,0,1
dudone,0,1
niagara_m,0,1
fritzfix,0,1
fluclo,0,1
john the stroller,0,1
cyclestreets,0,1
robjn,0,1
stefano21,0,1
gka,0,1
peter wright,0,1
reluc,0,1
jpezz,0,1
thevetchlings,0,1
apprenti,0,1
puremalt,0,1
mrwebber,0,1
lechti51,0,1
danjsy,0,1
mdp553,0,1
admiral beach otel,0,1
bingogubbe,0,1
davlak,0,1
hvicente,0,1
neilp2,0,1
rovastar,0,1
oliver nixon,0,1
jboz,0,1
beduin89,0,1
paper_,0,1
desertfox,0,1
meppen7,0,1
kanenas,0,1
moosham,0,1
jeepjockey,0,1
afetser,0,1
painkill,0,1
24x7x365,0,1
metehyi,0,1
tothod,0,1
rr81,0,1
derden,0,1
my-str,0,1
osmf redaction account,0,1
ecatmur,0,1
m++,0,1
benowa,0,1
aitolos,0,1
bergeot,0,1
alterain,0,1
mp3,0,1
larrotino,0,1
jnylen,0,1
ankakusu,0,1
i am tiz,0,1
offthechart,0,1
jyrik,0,1
flightmaker,0,1
=ld=,0,1
kr12,0,1
petja,0,1
matthew rye,0,1
gcrafter,0,1
hbr,0,1
michaelubuntu,0,1
jtebruen,0,1
ulrichm,0,1
gliga,0,1
shorticus,0,1
lordofmaps,0,1
guenter,0,1
kalaallit nunaat,0,1
alantw,0,1
m poulpe,0,1
hedi_b,0,1
dkiselev,0,1
gregrs,0,1
staehler,0,1
pragmatik,0,1
viking81,0,1
geozeisig,0,1
ernst poulsen,0,1
madwort,0,1
zack*,0,1
russ mcd,0,1
ajnewma,0,1
niall_kerr,0,1
gbee,0,1
snakethemedic,0,1
smb1001,0,1
lech lorens,0,1
fruit-uk,0,1
lorenzo23622,0,1
manaboutcouch,0,1
grimnirson,0,1
frvipofm,0,1
norms360,0,1
sadhu,0,1
qgroom,0,1
martin mayrhofer,0,1
crackers250,0,1
basstoelpel,0,1
ivom,0,1
- jam -,0,1
ircama,0,1
hebri,0,1
geomapber,0,1
kerr smith,0,1
sinyol,0,1
ugur11,0,1
bilkyasko,0,1
corneliux,0,1
inshun,0,1
ankeric,0,1
cebderby,0,1
pegasus,0,1
metanautics fixes,0,1
gareth thomas (lichfield district council),0,1
georgecredland,0,1
rbanick,0,1
pgd81,0,1
bergfrei,0,1
hzza,0,1
gbbickerton,0,1
gero,0,1
marioc,0,1
soft14,0,1
simon blake,0,1
dt7,0,1
richmap,0,1
tomwest,0,1
vrtareg,0,1
gdavs,0,1
ed kimber,0,1
troon,0,1
dewi47,0,1
wolfram sobotta,0,1
spooneygreen,0,1
plop76,0,1
yarl,0,1
tarkan255,0,1
david fiddes,0,1
devonshire,0,1
richardath,0,1
wojtekk,0,1
flash3,0,1
robotic1,0,1
demetris123456,0,1
sk656,0,1
gerdtir,0,1
gps-newcomer,0,1
marcocarraro,0,1
dafo43,0,1
user_870861,0,1
lusirto,0,1
jol,0,1
mostyy,0,1
tapanddie,0,1
yolcu,0,1
benjaminevans82,0,1
emmanuelecois,0,1
tasteforscience,0,1
nbuettler,0,1
hasemann,0,1
nunc,0,1
alefteris,0,1
z-dude,0,1
dr danny,0,1
geoallrounder,0,1
tom morris,0,1
unixasket,0,1
okirche,0,1
wkb21,0,1
stephen paulger,0,1
keanehoody,0,1
amosm,0,1
irvemania,0,1
dunstan,0,1
dan86a,0,1
melwin,0,1
larryone,0,1
hurdygurdyman,0,1
jramsden,0,1
jaras,0,1
hypnotoad1984,0,1
ne fonseca,0,1
bavario,0,1
g195,0,1
trekker48,0,1
morsi,0,1
ika-chan! uk,0,1
meazza,0,1
formula1_uk,0,1
johncharlesdaly,0,1
la colle,0,1
fledge,0,1
connollyg,0,1
lowlevel,0,1
pfr,0,1
woodpeck_repair,0,1
pierzen,0,1
houser team,0,1
j-c bubbendorf,0,1
mziehm,0,1
rom-1,0,1
lurgy,0,1
hicom150,0,1
bollweevil,0,1
mjmm17,0,1
jbeverley,0,1
friendofmaps,0,1
snorfalorpagus,0,1
jpennycook,0,1
sdavies,0,1
aldoct,0,1
plamen,0,1
pstng,0,1
wynner71,0,1
mapwitch,0,1
sobzeros,0,1
singvogel,0,1
divjo,0,1
gordonfs,0,1
electrotechie,0,1
de24000,0,1
miraculixosm,0,1
surveymaggot,0,1
mcheck,0,1
mcheckimport,0,1
kartographiti,0,1
gezim mehilli,0,1
matthiasc,0,1
phil kingston,0,1
pieleric,0,1
scarborough,0,1
sabas-import,0,1
konb,0,1
daganzdaanda,0,1
jls1,0,1
jkmakowka,0,1
frantz58,0,1
tlawa,0,1
alpha_de,0,1
barny1,0,1
lewg,0,1
rexunil,0,1
eric19,0,1
jot,0,1
aln_668,0,1
skeniver,0,1
f00bar,0,1
badarau andrei,0,1
lenux,0,1
guydunord,0,1
monviso,0,1
pendethan,0,1
squiffy,0,1
boothy99,0,1
mcrobiej,0,1
parukhin,0,1
alienx,0,1
markptompsett,0,1
onurozgun,0,1
azureoak,0,1
polimerek,0,1
leif lodahl,0,1
lyx,0,1
markbegbie,0,1
haaninjo,0,1
bullfrogvet,0,1
djt,0,1
alkalin,0,1
maji,0,1
yusufmert,0,1
weide,0,1
nhill,0,1
lanzelot72,0,1
fahradler,0,1
king sad,0,1
noelb,0,1
farside,0,1
feanor_1,0,1
dunmappin',0,1
jose bras,0,1
gerdle,0,1
apus_apus,0,1
invicta,0,1
jrdx,0,1
joe strummer,0,1
urbanrambler1,0,1
kirchkamp,0,1
moony8,0,1
sama74,0,1
petergcampbell,0,1
kurt34,0,1
ceyockey,0,1
vignesh anand,0,1
vinoths,0,1
hari t,0,1
benoitberlin,0,1
wh68,0,1
sheik farid,0,1
surendran1,0,1
datendelphin,0,1
hjart,0,1
werner2101,0,1
jalaludeen,0,1
russ,0,1
damouns,0,1
emwo,0,1
muruganantham,0,1
lingavel,0,1
melzani,0,1
anand 2013,0,1
bikingtom,0,1
abhunter41,0,1
suresh ruban,0,1
carlos m,0,1
eest9,0,1
cityenginer,0,1
dinesh15167,0,1
arizonamapper,0,1
jimbob50,0,1
alux,0,1
mjl wood,0,1
jeffthimm,0,1
jasonrogers,0,1
pyram,0,1
rjones1917,0,1
sev_osm,0,1
harrys,0,1
rab,0,1
tigro7,0,1
fkv,0,1
max--,0,1
jonga,0,1
splashmaps,0,1
steko,0,1
bobsi,0,1
whiskymack,0,1
cjy,0,1
tomi,0,1
drplokta,0,1
rob dyson,0,1
nicolasmonk,0,1
john leeming,0,1
aberdeenshireptu,0,1
panda's eyes,0,1
jong,0,1
geocameroun,0,1
john goldin,0,1
theodin,0,1
krawujewatz,0,1
papesz,0,1
gigi2037,0,1
palmersperry,0,1
million miles,0,1
simon m,0,1
kammer,0,1
flohoff,0,1
chris filip,0,1
rrissiek,0,1
seanmascot,0,1
vt100,0,1
vogelfreier,0,1
laurence,0,1
unen,0,1
klausb,0,1
jboz1,0,1
andrea ricci (im),0,1
gavrielo,0,1
republik,0,1
geofoxx,0,1
phq,0,1
pokey,0,1
twse,0,1
maarten deen,0,1
skyguy,0,1
commajunkey,0,1
penrithguy,0,1
olyon,0,1
sathyav,0,1
herrbert74,0,1
armind88,0,1
aaron lidman,0,1
dheenadhayalan,0,1
nyaikae,0,1
bulzor14,0,1
aladdin111,0,1
schnubbel,0,1
sakthi20,0,1
anandp,0,1
jonorchard,0,1
kumartrichy3,0,1
malenki,0,1
prn,0,1
harg,0,1
maca_eglarest,0,1
joth03,0,1
dain,0,1
dresl,0,1
ffes,0,1
maclondon,0,1
steven horner,0,1
rostranimin,0,1
dg6xu,0,1
k__,0,1
dunc1,0,1
sansom,0,1
gerhardus geldenhuis,0,1
dòmhnall,0,1
heyheyitshay,0,1
stavn,0,1
d!zzy,0,1
essex_boy,0,1
grelus,0,1
reinier battenberg,0,1
arobl,0,1
tomekg,0,1
denyst,0,1
ziorufus,0,1
marabu_too,0,1
rorym,0,1
alan25,0,1
azurru,0,1
jimbomuggins,0,1
raiwer,0,1
lostmike,0,1
ben abelshausen,0,1
eoine,0,1
zaizone,0,1
jtrev,0,1
dannyh73,0,1
sharlin,0,1
ayhanozates,0,1
baluard,0,1
kfj,0,1
juhanjuku,0,1
mixdm,0,1
daniels,5.115533399999999,-1.2908962
kdda,0,1
thebaron,0,1
zeusfaber,0,1
spillerc,0,1
user_1179194,0,1
oberpfälzer,0,1
zors1843,0,1
michalg0x5a,0,1
gezginrocker,0,1
wolfgang b,0,1
and data,0,1
jimbossa,0,1
avmaster,0,1
wajak,0,1
guegafue,0,1
daviesp12,0,1
kai brühne,0,1
samlibby,0,1
feilipu,0,1
kukuk,0,1
kostik,0,1
picholeiro,0,1
stephanep,0,1
slawek_n,0,1
davespod_bing,0,1
idf,0,1
kele7,0,1
julienbalas,0,1
frankl2009,0,1
usseraser,0,1
pete_stepanov,0,1
sgilbert,0,1
the thatch,0,1
blues brothers,0,1
eriks zelenka,0,1
wkrammer,0,1
jaldhaka,0,1
glasreiniger07,0,1
enedaniel,0,1
aury88,0,1
djo_man,0,1
blueg,0,1
amici dei disabili onlus,0,1
ogd-re,0,1
papyrus048_intégration_cadastre,0,1
steven kinloch,0,1
larsalonian,0,1
linfieldjosh,0,1
tova,0,1
drbobo,0,1
stalfur,0,1
marcussacapuces91,0,1
dergutemercator,0,1
fmorel,0,1
bth,0,1
eloy_,0,1
olddeeside,0,1
trimoto,0,1
mathias_on_the_road,0,1
hanstest,0,1
super-map-cadastre,0,1
super-map,0,1
bdiscoe,0,1
polden1603,0,1
fvgordon,0,1
lukas fleischli,0,1
nice but tim,0,1
rupps,0,1
mikey9,0,1
corgicity,0,1
marcelherault,0,1
rudolf mayer,0,1
adirricor,0,1
glacio,0,1
tomthebaz,0,1
smarties,0,1
trevor parsons,0,1
macmatt,0,1
arhemed,0,1
humbach,0,1
jojokant,0,1
jabecker,0,1
sganbe,0,1
bigfatfrog67,0,1
donovaly,0,1
kachkaev,0,1
miko8,0,1
mtbbiker99,0,1
soli004,0,1
nuvolabianca,0,1
tunnelbauer,0,1
els357,0,1
red9,0,1
sultanstrail,0,1
vialma,0,1
robchafer,0,1
osm-sputnik,0,1
mike baggaley,0,1
etgg,0,1
biff,0,1
user_16881,0,1
thorn,0,1
nisklas,0,1
peter14,0,1
dogan_m,0,1
andy_w,0,1
thathanka,0,1
saffet çilingir,0,1
hadw,0,1
redfateh,0,1
jalopezp,0,1
isimon,0,1
ayresome,0,1
ben2014,0,1
the bluefox,0,1
reway,0,1
wearthefoxhat,0,1
jeremycorbridge,0,1
essin,0,1
andrewne,0,1
juan-luis,0,1
sandmanmmc,0,1
yedou,0,1
mikejd,0,1
tim dobson 2,0,1
soet-map,0,1
alex-esko,0,1
aarondennis,0,1
leafhopper65,0,1
goosiebn,0,1
polyglot_import,0,1
pavolg,0,1
griphon,0,1
krasul,0,1
aroche,0,1
morray,0,1
batuakkaya,0,1
lobleyandy,0,1
ineilc,0,1
nineteentrees,0,1
ronic,0,1
user_1954387,0,1
eriearth,0,1
mtraveller,0,1
urbigenous,0,1
jamesglas,0,1
sal73x,0,1
redhairblackbeard,0,1
dartymoor,0,1
ae35,0,1
witska,0,1
szelmaraf,0,1
edvac,0,1
omarabush,0,1
willvousden,0,1
alejandro erickson,0,1
den21,0,1
jtappin,0,1
stavrospamfila,0,1
jmjol,0,1
michammel,0,1
jfrankcom,0,1
b00m,0,1
salix01,0,1
portree kid,0,1
rob macg,0,1
oluwaseun egbinola,0,1
olub,0,1
jjonathan,0,1
gregcoyne,0,1
greroy,0,1
mwtp2,0,1
chalky white,0,1
capiscuas,0,1
phylogenesis,0,1
dndred,0,1
the_knife,0,1
ajvol,0,1
yvecai,0,1
sterlinggis,0,1
dkunce,0,1
dave smith,0,1
arike,0,1
junaid ibrahim,0,1
msdess,0,1
craigw,0,1
jetthe,0,1
sogefi,0,1
tetraphenyl,0,1
koran,0,1
lamacchiacosta,0,1
ryan bush,0,1
canturgay,0,1
cityeditor1000,0,1
pl0ns,0,1
frammm,0,1
airon90,0,1
dawid_swider,0,1
rockyroad101,0,1
geofixfe,0,1
seichter,0,1
krd_mapper,0,1
tomm4,40.064110299999996,-79.88427970000001
bernard59118,0,1
impvan,0,1
fropi,0,1
dropman,0,1
raymond,0,1
d-spain,0,1
davemg,0,1
nick burrett,0,1
stwalkerster,0,1
ivailo karamanolev,0,1
dyserth,0,1
emralmutlu,0,1
ali yıldız,0,1
lefty74,0,1
blahedo,0,1
ehealthafrica_imports,0,1
andreblum,0,1
-ad-,0,1
ediyes,0,1
@camel__white,0,1
koral koca,0,1
jordan mann,0,1
swandodger2,0,1
ozhiker2,0,1
nigel greens,0,1
jc67,0,1
ereng,0,1
raudi12,0,1
sidney bamidele,0,1
ppda,0,1
ascent,0,1
edspeth,0,1
localoptimum,0,1
dond10,0,1
helmchen42,0,1
daveymorrisuk,0,1
croux,0,1
danx,0,1
spongezob,0,1
marcus bengtsson,0,1
grey_p9,0,1
femtope,0,1
the trautbec,0,1
andy57,0,1
azimut400gon,0,1
bi1a1,0,1
sennewald63,0,1
scubaengineer,0,1
kdrt,0,1
mleroy1986,0,1
joe29,0,1
larifari77,0,1
traildino,0,1
jay456,0,1
sana ibrahim,0,1
strogauk,0,1
mey2008,0,1
bernd lohrum,0,1
fayor,0,1
jktfin,0,1
yourealwaysbe,0,1
laidbackmaverick,0,1
sjfos,0,1
phischu,0,1
spice,0,1
rugamarcus,0,1
dlichti,0,1
geoheidi,0,1
brogo,0,1
steapy,0,1
chaosmapper,0,1
rocketman,0,1
rosomak,0,1
pavel-pd,0,1
jdtoy,0,1
egcrosser,0,1
andre68,0,1
jonathan m,0,1
zxguesser,0,1
rekrutacja,0,1
tkura,0,1
stamp 17,0,1
johncolescarr,0,1
teacherjoe,0,1
driftraf,0,1
pawka007,0,1
fod,0,1
gangoflosers,0,1
devietor,0,1
aurimas fišeras,0,1
saba1,0,1
lordnelson,0,1
bpoussier,0,1
cpchannel,0,1
simonredding,0,1
alpin100,0,1
markus pail,0,1
thebonnetplume,0,1
npfedwards,0,1
odiug,0,1
l'le tom,0,1
david999,0,1
boggedy,0,1
vichada,0,1
comfortablynumb,0,1
limckeggie,0,1
alecs01,0,1
labra,0,1
bonix-mapper,0,1
suisquirrel,0,1
momen,0,1
proteen,0,1
robgeb,0,1
boo_radley,0,1
verp65,0,1
imagoiq,0,1
didierbf,0,1
p3corion,0,1
clockwerx,0,1
landfahrer,0,1
miko888,0,1
sealdriver,0,1
elgrandebanana,0,1
kromagv0,0,1
richy88,0,1
deanduru,0,1
joevernon,0,1
ᴀᴅᴍɪɴ,0,1
petermo,0,1
haral,0,1
fanatik,0,1
ken68n,0,1
filot,0,1
danny1984,0,1
gmperls09,0,1
tuxayo,0,1
rvb-glas,0,1
biyiklioglu,0,1
orlodax,0,1
mike lehmann,0,1
bvivi,0,1
martj9,0,1
orikrin1998,0,1
peda,0,1
solarklaus,0,1
byggareaka,0,1
nambago allan,0,1
cmɢʟee,0,1
wiso_dbtopo_lodi,0,1
chewey,0,1
supercars-woolwich,0,1
jan westerhof,0,1
sloerunner,0,1
cartoglarry,0,1
cristian1989,0,1
ulmtuelp,0,1
sakudo,0,1
massimiliano campagnoli,0,1
dannykath,0,1
neuhausr,0,1
u810,0,1
jcs_uk,0,1
metatech,0,1
pika,0,1
pyknite,0,1
guidoaltendorf,0,1
ncc-1701,0,1
jojons,0,1
mbrothers,0,1
al68,0,1
rcsprinter123,0,1
michah,0,1
ikiya,0,1
lulu-ann,0,1
nesim,0,1
ori952,0,1
pilou@nowhere,0,1
david & christine schmitt,0,1
opani,0,1
endbacher,0,1
folco,0,1
pdakungen,0,1
bullethimself,0,1
jdblanton,0,1
wmietek,0,1
manuel timita,0,1
mark pokorny,0,1
nordog,0,1
globalavocado,0,1
s1xs,0,1
pittrichimica,0,1
luis36995,0,1
glitterj,0,1
jaszczur,0,1
louisjdr,0,1
bergpeserl,0,1
carrotblasphemy,0,1
egs82,0,1
mjessen_mdv,0,1
léo_m,0,1
operivar,0,1
rhdb,0,1
messpert,0,1
iainmcm,0,1
tklug,0,1
maliniorz,0,1
guignol_85,0,1
wikithemap,0,1
ocotillo,0,1
kurly,0,1
jmk247w,0,1
wegavision,0,1
ebin,0,1
gasbake,0,1
pmaiikeey,0,1
eckhart wörner,0,1
chene,0,1
carl wilson,0,1
mpamphs,0,1
saalehcom,0,1
geomapper69,0,1
andy g,0,1
bernardette44,0,1
pouchon70,0,1
blacksail,0,1
chippy,0,1
georgekaplan,0,1
rickos99,0,1
mindy scibilia,0,1
jalice,0,1
shinzo-chan,0,1
ivohans,0,1
plr1980,0,1
msowen,0,1
gsperb,0,1
richrico,0,1
mukalele rogers,0,1
zmianowy,0,1
brianh,0,1
derrick mbulaiteye,0,1
talexbikes,0,1
eric_,0,1
sec147,0,1
chambke,0,1
władysław komorek,0,1
vaxe,0,1
silvandy,0,1
renade,0,1
demola okesola,0,1
eisa,0,1
ritterr,0,1
phill luby,0,1
meghansexton,0,1
christopher m hinkle,0,1
splatr182,0,1
wojtek600,0,1
mrgaz,0,1
mapperiam,0,1
imagic,0,1
si̇stempos,0,1
martin mapper,0,1
juststupid,0,1
scolchester,0,1
rupertmaesglas,0,1
cvdr,0,1
vincnet41,0,1
steven bukulu,0,1
smaprs,0,1
steven_boyd,0,1
beverleykiter,0,1
malta-dinger,0,1
wmyrda,0,1
jan van bekkum,0,1
geodoc,0,1
relas33,0,1
daxeon,0,1
kragon77,0,1
ckurdoglu,0,1
gabrysolari,0,1
tomasy,0,1
intemelio,0,1
fedc,0,1
térképszerkesztő,0,1
jean bully,0,1
electronicbyte,0,1
tallarnie,0,1
glucosamine,0,1
bandlengstrom,0,1
felix2426,0,1
paddymatthews,0,1
paul a day,0,1
shravan91,0,1
samely,0,1
karitotp,0,1
vpettenati,0,1
ruthmaben,0,1
rossendale gary,0,1
olle_johansson,0,1
richbielby,0,1
abel801,0,1
simon_84,0,1
wilda69,0,1
sffubs,0,1
calfarome,0,1
andygol,0,1
dowdie,0,1
lucabon,0,1
mark255,0,1
konrad aust,0,1
axc97c,0,1
cradamy,0,1
polar020202,0,1
boyan_kp,0,1
langy01,0,1
toebeefixit,0,1
kuchengrab,0,1
roby2107,0,1
kreuzschnabel,0,1
danny__kay,0,1
michaela,0,1
joep,0,1
theknightwho,0,1
cupofcoffee,0,1
eden744,0,1
dangregory,0,1
tatwot,0,1
theremedy,0,1
gabry501,45.4781071,9.227276400000001
lucae,0,1
wallsend56,0,1
marcogeo4,0,1
kontextfrei,0,1
pipodeclown12,0,1
yosm,0,1
jaycbr,0,1
bsddeoqz13f2bp,0,1
nick-malvern,0,1
jotam,0,1
claudio fimognari,0,1
johnwhelan,0,1
sreed,0,1
rodney21,0,1
klopferp,0,1
dave1152000,0,1
maraf24,0,1
daop5510,0,1
marcuslynch,0,1
peeweeke,0,1
ipswichuser99,0,1
will_p,0,1
procuste,0,1
kioska journo,0,1
barb-andmike,0,1
hariskar,0,1
bmm994,0,1
mike142sl,0,1
fabian bey,0,1
ventlan,0,1
sivan00,0,1
elfmeterschiessen,0,1
adjuva,0,1
unisto,0,1
pelekpl,0,1
meillo,0,1
misty morn,0,1
ibk2015,0,1
irasesu,0,1
thomasa,0,1
preee,0,1
mafushwa,0,1
nikhilprabhakar,0,1
john mcsteed,0,1
pratikyadav,0,1
kian1963,0,1
gri_john,0,1
maturi0n,0,1
clairedelune,0,1
joshkip,0,1
akagemuk,0,1
vadiм,0,1
huegleng,0,1
ramyaragupathy,0,1
geo-ranger,0,1
horstsun,0,1
barny2,0,1
brandmeester,0,1
jdennis,0,1
palimpadum,0,1
stw1701,0,1
ido marom,0,1
alan bragg,0,1
didier2020,0,1
travelling_salesman,0,1
honza11,0,1
beweta,0,1
macabe5387,0,1
chris baines,0,1
mikebli,0,1
alexandrep,0,1
gps4net,0,1
pmailkeey,0,1
flupke1400,0,1
arnebius,0,1
_yog,0,1
johnnyfp,0,1
ma_mapper,0,1
tosyn williams,0,1
mintcondition,0,1
samthecrazyman,0,1
nuraddeen,0,1
gareth howe,0,1
yalcat,0,1
gerdp,0,1
kreniar,0,1
courtneymclark,0,1
spacedman,0,1
moosfrosch,0,1
mapserver,0,1
riverlim,0,1
dorsetwurzel,0,1
boss dév,0,1
ma-rt-in,0,1
athalis,0,1
ronnieland,0,1
wikilux,0,1
gianfra,0,1
dubiousfrog,0,1
thehammer,0,1
cdknowles,0,1
fanive,0,1
streetkeysmv,0,1
anon1913s,0,1
hendrikklaas,0,1
kenbw2,0,1
se16,0,1
bert araali,0,1
richmarc,0,1
kevo,0,1
alphecca,0,1
jmzhow,0,1
choquette33,0,1
fred13,0,1
gersonbergeth,0,1
rasel khan,0,1
bekri,0,1
oreg,0,1
kosperd,0,1
steadfast tech,0,1
guehu,0,1
kriscarle,0,1
mappertwo,0,1
hillhiker,0,1
hart hill harrier,0,1
mnandrews24,38.831554100000005,-77.3120885
georhoko,0,1
tubbai11,0,1
agaudin,0,1
al hill,0,1
west lake,0,1
anik parag,0,1
tsuggie,0,1
alexswann,0,1
lpsmm2,0,1
rknight,0,1
johnxavierpaul,0,1
amandabennett14,0,1
dgitto,0,1
black devil,0,1
hansemann1234,0,1
scelik,0,1
twirth,0,1
jillhumphreys,0,1
rowers2,0,1
bzvpnr,0,1
palolo,0,1
alfred_gulz,0,1
taurus77,0,1
patrick bous,0,1
sam888,0,1
effy102,0,1
ericao,0,1
ninjamask,0,1
granto123,0,1
davelakowski,0,1
subflux,0,1
serendipity,0,1
bigbug21,0,1
zeon84-74,0,1
willjgregg,0,1
antarc914,0,1
fredie,0,1
confusedbuffalo,0,1
kshuseyin,0,1
hills95,1.0752291,34.175350099999996
lisanb,0,1
david nickywoods,0.329183,32.5709881
seandebasti,0,1
crossmyloof,0,1
rozso22,0,1
justine m,0,1
zaqws,0,1
sebastien31,0,1
user_5541,0,1
lsces,0,1
danielitucu,0,1
mushisolomon,0,1
gilbiz,0,1
nabushaworose,0,1
pauluithol,0,1
sszaf,0,1
one t,0,1
polyglot,0,1
kimonosylvia,0,1
mataharimhairi,0,1
gaz3434,0,1
richard aytoun,0,1
emmece,0,1
tbkmrt,0,1
rogerpgvg,0,1
user_4942,0,1
eastender,0,1
lafarm,0,1
dadino2004,0,1
miniwark,0,1
hermann001,0,1
weasel-wiesel,0,1
menavaur,0,1
suzannesy,0,1
ericlew,0,1
dandem96,0,1
pgcyc,0,1
skidle,0,1
gairloch,0,1
francesco ioli,45.4781071,9.227276400000001
kiketm,0,1
camarones,0,1
umaru,0,1
aboges26,33.584259100000004,-78.1217178
michael_a77,0,1
natamam,0,1
agnostico,0,1
ryantobin96,0,1
chimwemwe zimba,0,1
erikj,0,1
phxweb,0,1
12as,0,1
piaco_dk,0,1
polarbear,0,1
daniel specht,0,1
norvalj,0,1
doublek2,0,1
jseattle,0,1
fanzinies,0,1
mbowe1,0,1
ninafanya_kazi,0,1
abderrahman dinar,0,1
sterylmreep,0,1
nailuj,0,1
citymapperhq,0,1
jacob d,0,1
nagyszabi,0,1
nayarav,0,1
paul berry,0,1
plav,0,1
chillwind,0,1
yasemindogruol,0,1
gunnar1m,0,1
jpierel14,33.996112,-81.0274276
skgrange,0,1
lakedistrict,0,1
peregrination,0,1
msat2,0,1
edtha,0,1
dominik dachs,0,1
parastooz,0,1
eugene13,0,1
warneke7,0,1
geocrazy,0,1
mustermannxx,0,1
mihambo,0,1
ptigrouick,0,1
nlickteig,0,1
carlitos gomez,0,1
murad90,0,1
czmacd,0,1
joshollenberg,0,1
msmish,0,1
joemallia,0,1
raytoun,0,1
luuuddooo,0,1
martha pap,0,1
mono11,0,1
insertuser,0,1
tinnishill,0,1
lexaikon,0,1
mustafakamil,0,1
tonybendell,0,1
jeenu,0,1
sarah kehl,0,1
skabook,0,1
lnseitz,0,1
spanholz,0,1
rody,0,1
vancori,0,1
oli3141,0,1
jackdpage,0,1
forrestlm,0,1
caroline w,0,1
pattersonavh,0,1
dorotka,0,1
honning,0,1
anna bundock,0,1
gdzietojest,0,1
birgitte diget,0,1
snorkle,0,1
mattd,0,1
cptpors06,0,1
the-mtc,0,1
thao44,0,1
ycartwhelen,0,1
jannis visser,0,1
melys,0,1
sefabaris,0,1
hulagirl14,0,1
roadrenner,0,1
jackie russell,0,1
pedro ricou,0,1
gopherling,0,1
suryansh bajpai,0,1
cattleya2,0,1
nursekkwok,0,1
mpmckenna8,0,1
karthick murugiah,0,1
amour_nyl_importaccount,0,1
zoedavis,0,1
alistaircom,0,1
chellect,0,1
horsehead,0,1
rlaurentinus,0,1
hawa adinani_importaccount,0,1
ehanley111,0,1
ben parks,0,1
darylj,0,1
chikao,0,1
francois d,0,1
eabit,0,1
pwaite,0,1
ankitabhosle,0,1
alexkrishnan,0,1
patchi,0,1
rb_bj,0,1
oaridi,0,1
reno38,0,1
mappernerd,0,1
zhvlnts,0,1
kennedy77,0,1
kayaaa,0,1
ginaroz,0,1
tom_holland,0,1
slj17,0,1
k m anne,0,1
emily_johnson13,0,1
rasouth,28.602427399999996,-81.2000599
cucu,0,1
tropiskstorm,0,1
zachs97,0,1
giblet,0,1
kiggudde_imports,0,1
evan odell,0,1
mad_map,0,1
sorlud,0,1
elkueb,0,1
cianradford,0,1
mercurial,0,1
gisteacher,0,1
imp666,0,1
swf8,0,1
bishal9841,28.253892600000004,83.97641039999998
cedric780,0,1
enock4seth,5.298484999999999,-2.001271
alexpleiner,0,1
gjergjde,0,1
funk_soul_brother_import,0,1
mjaucoin,0,1
matosm,0,1
crdbushby,0,1
kalivo,0,1
arthtoach,0,1
martin borsje,0,1
legbritslav,0,1
john-o,0,1
kalulunga_importaccount,0,1
kombe1207_importaccount,0,1
spiregrain,0,1
naomitall_importaccount,0,1
tonny john_importaccount,0,1
celestinkam,0,1
ianp5a,0,1
pilotrobert,0,1
mahahahaneapneap,0,1
yurasi,0,1
djsage,0,1
rtwbike,0,1
jfkimports,0,1
victorie,0,1
673a_t,0,1
denisju,0,1
rwarthog,0,1
yunusemre000,0,1
pernas,0,1
petra_nl,0,1
dirk v,0,1
khalid bin masud,0,1
johnnymorbo,0,1
careme baudouin,0,1
megancal,0,1
monira sharmin,0,1
ataur rahman shaheen,0,1
markusauers,33.584259100000004,-78.1217178
tabassum zaman anchol,0,1
ankur27,0,1
iwhs,0,1
goduori,0,1
nicacho,0,1
fondolucy,0,1
rachelmitch,0,1
rere211,0,1
jharpster,0,1
jakub martinů,0,1
djcohen,0,1
captain_halibut,0,1
nahles,0,1
dirty nasty,0,1
kaswitze,0,1
asmolens,0,1
john boucher,0,1
noordewier,0,1
cathyo,0,1
dampee,0,1
constable,0,1
fromagegb,0,1
673a,0,1
golola charles,0,1
bharatahs,0,1
bonya_23,0,1
kyle snyder,0,1
daisygrubber,0,1
radoan ibn azam,23.726369000000002,89.59557109999999
charles lemomo,0,1
rhizomes,0,1
vehommc,0,1
piligab,0,1
phylister,0,1
bryan lee,0,1
adventureeric,0,1
maszzmic,0,1
crculver,0,1
orgmaps,0,1
feverglas,0,1
adelinem,0,1
verbose mode,0,1
sssumsss,0,1
parsewski,0,1
liloulecapi,0,1
morryis,0,1
emm3236,0,1
andrewbuchtan,0,1
nsmith7023,0,1
wil7713,0,1
freyal,0,1
on5wis,0,1
solution oriented,7.304269500000001,5.1370125999999985
zwombie,0,1
fred_ann,0,1
maddog battie,0,1
nuru_kalulunga,0,1
nedran,0,1
brendad,0,1
maylinn,0,1
eip1,0,1
bren dan,0,1
eholl14,0,1
heather ogden,0,1
mar mar,0,1
botaler,0,1
mythdraug,0,1
oscarbrownbread,0,1
magali vacher,0,1
churnedacorn,0,1
aaronthefirst,0,1
adoboe selorm,0,1
jumbanho,0,1
sven b,0,1
teuxe,0,1
bournegooner,0,1
languitar,0,1
zachynoodle,0,1
dalik58,0,1
helenejl,0,1
jacobmapper,0,1
tri_t_nguyen,0,1
shahrukh0104,0,1
erlingmorch,0,1
wafa alrady,0,1
alvaroyasater,0,1
hasan-qaq,0,1
frida nygaard,0,1
kv95,0,1
livring,0,1
cbol,0,1
odatj,0,1
ivar_st,0,1
najas,0,1
haakoned,0,1
changenor,0,1
ulrikaer,0,1
rskarbo,0,1
alejandra madero,0,1
dagerikh,0,1
rmyrnes,0,1
ruhb,0,1
simonl_osm,0,1
clupus,0,1
okolli,0,1
dsqcca,0,1
mariontroan,0,1
hansolmy,0,1
susannesa,0,1
erlendh,0,1
lontrh,0,1
simonsan29,0,1
fabiomtb,0,1
mywayornohighway,0,1
roverpuppy,0,1
201geog13,0,1
pauldh,0,1
elezaboban,0,1
altarej2,0,1
ajtynd,0,1
chouck,0,1
isabella86,0,1
markkarin,0,1
bocian67,0,1
emma eberhardt,0,1
kieranc17,0,1
hannahwotton,0,1
fearghuscronin,0,1
erno,0,1
osm_mgt,0,1
eetu_sum,0,1
aarila,0,1
hannakstn,0,1
htenkanen,0,1
pinja-liina,0,1
oyelowo,0,1
ctmb,0,1
oesterpoester,0,1
frva,0,1
ainorusk,0,1
jamesohaza,0,1
escha,0,1
angaman,0,1
mitro m,0,1
akjniska,0,1
roosak,0,1
cbkiyanda,0,1
zvolsky,0,1
andy cooper,0,1
seattlefyi,0,1
eveii,0,1
adrixza,0,1
doyouevenmapbro,0,1
nasze miasto niepołomice,0,1
m@pp3rz,0,1
bh_ms,0,1
luoteiskaira,0,1
milanmo,0,1
thibg,0,1
elsombregreco,0,1
simonwalduck,0,1
graham hogg,0,1
ilasolthah,0,1
sab27,0,1
gafuri,0,1
rose mayienda,0,1
andrea cremaschi,0,1
ramikay,0,1
donald m,0,1
joepakenham,0,1
mehe,0,1
tom ryan-elliott,0,1
gummil,0,1
hannaka_spillman,0,1
nboensch7,0,1
tevan_goldberg,0,1
kojika,0,1
cartoglee,0,1
mzve,0,1
petr široký,0,1
r_carter_3,0,1
mark portelli,0,1
sahaj7,0,1
actionant,0,1
dipen_parekh,0,1
eglatorre,0,1
helian,0,1
rob_michel,0,1
poornibadrinath,0,1
chetan_gowda,0,1
nammala,0,1
jinalfoflia,0,1
aahoover,0,1
jdmontgomery,0,1
yoshinion,0,1
pier paolo poncia,0,1
safwathalaby,0,1
spjones,0,1
tlane12,0,1
kuranis,0,1
khines,0,1
hannahb16,0,1
terricz,0,1
adiiba25,0,1
ngumenawesamson,0,1
jordanr,0,1
lmbs,0,1
mreisser,0,1
pineapplemapper,0,1
kdavs,0,1
anna976,0,1
gseeley,0,1
mulindwa,0,1
krzynio,0,1
bgirardot,0,1
sparty0,0,1
moosevt,0,1
camelmelt,0,1
it'sghanabegreat,0,1
ninafeldman123,0,1
thomasbishop,0,1
zachmeyer,0,1
jgaines,0,1
bismark0910,0,1
gineus,0,1
emily ross,0,1
jimstn,0,1
our_kansas,0,1
lunalovegood567,0,1
xfelix,0,1
evangarcia94,0,1
nixon aristizabal,0,1
aabilenkin,37.271674,-76.71337799999998
alissonuv,6.266953300000001,-75.5691113
inkblot,0,1
jrsullivan210,0,1
sunm,0,1
kmerkel,0,1
sorcrosc,0,1
dnwilson,0,1
lil_weinheim,0,1
mappergo,0,1
bgall7,0,1
nadiash,0,1
gracexyee,0,1
sawan shariar,0,1
funk_soul_brother,0,1
toffer12,0,1
nicoleah,0,1
asiemaska,0,1
operagangsta,0,1
martinairmaps,0,1
str8edgect,0,1
neenee3,0,1
smithjr1987,0,1
indymjr,0,1
lamchops,0,1
derfred,0,1
jhazelnis,0,1
pinux,0,1
kcookmeyer87,0,1
rocketdog2,0,1
ryan frayne,0,1
choskins,0,1
daitombs,0,1
becky swaffield,0,1
olearytd12,0,1
simlev81,0,1
arshakerbrown,0,1
nealebatra,0,1
afoltz,0,1
t tisler,0,1
antal,0,1
ilwna,0,1
minimouse,0,1
christian ledermann,0,1
mario1952,0,1
ihelm,0,1
camimoli,0,1
sporked,0,1
reimerism,0,1
1ajs,0,1
simonpoole,0,1
mayralejandra,33.996112,-81.0274276
j19gmu,0,1
jfreshyfresh,0,1
bmoregis,0,1
jkrgmumapping,0,1
tomfaria,0,1
jasmin530,0,1
mgledhilgmu,0,1
andrew matheny,0,1
iamenochmd,5.115533399999999,-1.2908962
tgertin,0,1
cryptarch,0,1
viktoria_duracic,0,1
timvnelson,0,1
eknunez,0,1
cdavila,0,1
riderjordan,0,1
andrea musuruane,0,1
scotch whisky,0,1
majkaz,0,1
suzy may,0,1
innocent maholi,0,1
roys2728,0,1
alejandro lopez,0,1
dalbergo,0,1
david_berg,0,1
zabomil,0,1
cindymartha,0,1
muhammed çiçek,0,1
mangowi,0,1
gmeyer01,0,1
geocruizer,0,1
robod,0,1
game kgamone,0,1
nateheard,0,1
bman,0,1
oncul_1993,0,1
grahamw,0,1
somide olaoye anthony,0,1
matteoms,0,1
dan980,0,1
martintamarre,0,1
barış62,0,1
oguzhan23,0,1
cquest,0,1
sdksmt,0,1
spearmint,0,1
meersbrook,0,1
kate diaz,0,1
marc mongenet,0,1
trb2017,0,1
yzemaze,0,1
mervekarakaş,0,1
russdeffner,0,1
egassemcinatas,0,1
kateregga1,0,1
lusdavo,0,1
jayturnr,0,1
sushi_klaus,0,1
tswsl1989,0,1
yavuzatas,0,1
helenst,0,1
gurleyds,0,1
stella lee,0,1
shaun austin,0,1
selman kahli,0,1
ilknury,0,1
yunusaydogan,0,1
fatihturgay,0,1
hudo,0,1
ferhatbalıkçi49,0,1
aladeed,0,1
busracolak,0,1
jpg239,0,1
mjb3,0,1
fox91fox,0,1
patchanka,0,1
no_nodes_here,0,1
wazzonas,0,1
ahab003,0,1
gino411,0,1
szjjdd,0,1
geisel80,0,1
nielkrokodil,0,1
steve369,0,1
dosandriani,0,1
daryr,0,1
naomiangelia,0,1
user9319062,0,1
louis aslett,0,1
tri selasa,0,1
mannequinbaby,0,1
armasari,0,1
lordcob,0,1
apburr,0,1
sylwian_arup,0,1
thewilk,0,1
imp_gl,0,1
ottor,0,1
colonel_sponsz,0,1
byeongil bae,0,1
jon rice,0,1
upendrakarukonda,0,1
maxime284,0,1
antwerpen,0,1
khtn243,0,1
roadmapsyou,0,1
chris@zontine,0,1
paul evance,0,1
bin tuji,0,1
uniquejay,0,1
noyprd,0,1
adriansyah,0,1
what_what,0,1
chivalrous shark,0,1
phoenix star,0,1
adam_silverman,0,1
baabaange21,0,1
henkinator023,0,1
erkinalp,0,1
ibntēšfīn,0,1
kasalwelengwe,0,1
walterbroll,0,1
shingj10042,0,1
ctransebastian,0,1
muwanga ronie,0,1
roar n n,0,1
chrislaf,0,1
sarrukh,0,1
cristi4n,0,1
amuhogwe,2.7881375,32.3168716
raducu1978,0,1
geosmart,0,1
ninja181,0,1
shevekannaresti,0,1
xicopath,0,1
sunrich,0,1
mountainmonkey,0,1
kongamato,0,1
brianbru,0,1
rinaldum,0,1
brianna dean,0,1
maddie simpson,0,1
britz,0,1
paul v l,0,1
psycho_pig,0,1
thenodewarrior,0,1
meridianeum,0,1
darasimi,0,1
vector xenon,0,1
abdulquadri,0,1
john dara,0,1
abu rumman,0,1
apanisile francis oluwaseun,0,1
issa1,0,1
equilibrium000,0,1
prinzvizzy,0,1
ikechukwu,0,1
pizzaallday,0,1
edss,0,1
veevee123,0,1
jason roy,0,1
lexi johnson,0,1
sara_j,0,1
bobwalter42,39.6361396,-79.95593579999998
kingrollo,0,1
hawa adinani,0,1
tonny john,0,1
elia dominic,0,1
suny geneseo gis association,0,1
naltizer,0,1
hokieg3n1us,0,1
zakatar,0,1
beautifulmind,0,1
lisa marie owen,0,1
pandabear,0,1
thomas jarvis,0,1
lukwago,0,1
jnsp,0,1
suranokr,0,1
tasauf1980,0,1
peppermintcondition,0,1
mtnlife,0,1
theoutpost,0,1
satheesh natesan,0,1
rafaela pb,0,1
maria tosheva,0,1
blueybirdy,0,1
amour_nyl,0,1
carau,0,1
hollyallaway1,0,1
nhamoudi,0,1
imarbot,0,1
uncle bourbon,0,1
dikkief,0,1
yun hu,0,1
wernerp,0,1
eleuthere,0,1
realtin,0,1
sydneymcdonald22,0,1
karinajay,0,1
abiyasmin,0,1
bunkys,0,1
regonzalez,0,1
alessandra scutti,0,1
fede_stat,0,1
giulia corona,0,1
agaugler,0,1
jiajing zhang,0,1
seefis,0,1
llc6,0,1
nea123,0,1
nzak88,0,1
thequietstorm88,0,1
christer1,0,1
marion barry,0,1
diegoestebanz,0,1
tbduane23,0,1
atodd343,0,1
bbboogie,0,1
halclem,0,1
vishwesh_s_h,0,1
sarahcassius,0,1
doommaster,0,1
elyseelyse,0,1
zygmunt czykieta,0,1
fatisya ilani yusuf,0,1
gurglypipe,0,1
theb37,0,1
aalloway,0,1
hans stroes,0,1
binary fairy,0,1
khbritish,0,1
philipvanzyl,0,1
mike140,0,1
prfhrs,0,1
saliousoft,0,1
ben-dd,0,1
ridixcr,0,1
srat,0,1
kadir612,0,1
teetasse,0,1
ftcat,0,1
saltyone,0,1
ohanaunited,0,1
jgh,0,1
wuff57,0,1
athoss15,0,1
wilmaed,0,1
chris jefferies,0,1
jaltux,0,1
klenje,0,1
max planck,0,1
jejacobsen,0,1
danvyr,0,1
pokeventross,0,1
ahmetyesevia,0,1
earthtirol,0,1
cagatayusul,0,1
murat besler,0,1
juliaboy,0,1
josie studd,0,1
stephen borrill,0,1
panasko,0,1
amidia,0,1
jameskingdom,0,1
mir76,0,1
deprado63,0,1
dianawa_22,0,1
rasyid azhar,0,1
kokaz,0,1
everysatellite,0,1
camillae,0,1
qorinaputri,0,1
arnekimmig,0,1
murungi christopher,0,1
htusiime,0,1
ella_b,0,1
nelephant,0,1
meryre,0,1
giorgos russos,0,1
eisenopferd,0,1
capahab,0,1
kerrymapper,0,1
micha_k,0,1
rofiqoh,0,1
ndm,0,1
gwantwa mwakibete,0,1
marthaleena,0,1
wafox,0,1
mgaza abdallah,0,1
voschix,0,1
nielspl,0,1
dar44,0,1
baryduke,0,1
nwasi,0,1
imambasofi,0,1
mike parfitt,0,1
literan,0,1
andyg77,0,1
kahembi,0,1
huddo,0,1
allan mkandawire,0,1
steve mapping,0,1
anisa berliana,0,1
joel oketch,0,1
mackinonami,0,1
robbanda,0,1
sumit bikram rana,0,1
maptain haddock,0,1
arturp,0,1
tr42,0,1
zemin dhanani,0,1
rosco,0,1
sommerluk,0,1
happy-camper,0,1
ioangogo,0,1
kaatchristowitz,0,1
evendene,0,1
sovxx,0,1
overday@gis,0,1
teteka,0,1
marrien,0,1
hofoen,0,1
kartonage,0,1
yeta,0,1
edgar françois loua,0,1
mapintosh,0,1
pinniped,0,1
polina (alekseeva) fischer,0,1
rhein-herne-kanal,0,1
dankpoet,0,1
flanaga2,0,1
nasseralsuwaidi,0,1
viriatolusitano,0,1
nka_import,0,1
hendy643,0,1
cartop,0,1
zeya,0,1
paradox24,0,1
abouy&m,0,1
bohnenstange,0,1
francoerbi41,0,1
yli222,0,1
jasper_w,0,1
rudie_ironman,0,1
panieravide,0,1
nicoleyohe,0,1
liam18929920,0,1
ruby stewart,0,1
hillary mumbere,0,1
roisin96,0,1
keuber patrick,0,1
acikani abraham,0,1
petou,0,1
u aye maung,0,1
artamonovnik,0,1
amule,0,1
vipos,0,1
adriko justice,0,1
jacob ladwar,0,1
chaslil,0,1
piriyo,0,1
atamaadam,0,1
lindatina,0,1
marco443,0,1
--t7tr--,0,1
kitol,0,1
sagaml,0,1
mszuhan,0,1
daveg46,0,1
kzkmz01,0,1
geertnys,0,1
jochem van rijswijk,0,1
fenns,0,1
willemr,0,1
aubry1,0,1
heijunka,0,1
streetsai,0,1
daantje16,0,1
geoceci,0,1
cahjo,0,1
secretimbecile,0,1
melody-a,0,1
ericdose,0,1
cpasmoi,0,1
yercizenler,0,1
noswet,0,1
lemnis,0,1
livasa,0,1
acn dan giles,0,1
yogendra86,0,1
tom t w,0,1
sanderson2708,0,1
andrew gerrard,0,1
h1234,0,1
nidhi malik,0,1
sollyishack,0,1
sidray,0,1
plantb,0,1
maggie in leith,0,1
dalkeith,0,1
kevinwien,0,1
klain890,0.5470577,34.020155200000005
mpuuga,0,1
gabi35,0,1
sophie 5,0,1
therealetienne,0,1
tetram,0,1
philippe w,0,1
alain droux,0,1
adrien38,0,1
ika baldess,0,1
scalpag,0,1
osmfrank,0,1
vitavikas,0,1
eero_sario,0,1
petri eskelinen,0,1
piilan1,0,1
mjaia,0,1
naputus,0,1
chrilog,0,1
kajomi,0,1
iidaut,0,1
markus jylhä,0,1
juhonoro,0,1
liisaha,0,1
hugovk,0,1
welshman65,0,1
jackrabbitbrush,0,1
motogs,0,1
dianatcarevskaia,0,1
nifemi salami,0,1
swardshenton,0,1
emilybarham,0,1
simon c loose,0,1
adiatmad,0,1
theotherj,0,1
jbelanger,0,1
houston_mapper1,0,1
osuntoye,0,1
godofsix,0,1
valerie nwakusor,0,1
moses02,0,1
chukwumaa,0,1
jaykayshow,0,1
stevenlad,0,1
nyuriks,0,1
stonemill1,0,1
poulfanc,0,1
harmharm,0,1
bubu,0,1
urviator,0,1
paulo martim,0,1
fergie,0,1
risteárd cearbhaill,0,1
pete owens,0,1
mac_01,0,1
vanagaudi,0,1
joeclmbr,0,1
spawkly,0,1
bobbyuk,0,1
march four,0,1
toyotagps,0,1
nicked90,0,1
winterlake,0,1
jennaepstein,0,1
belseybob,0,1
danbuntley,0,1
magiraud,0,1
datamove,0,1
geoffroycls,0,1
dominique job,0,1
bjohas,0,1
hollycott,0,1
mulakojuliet,0,1
aftertea,0,1
kontur,0,1
rene78,0,1
tomczk,0,1
wjtw,0,1
petyo,0,1
eboney,0,1
the beum,0,1
mstan080,0,1
zeykaya,0,1
zeynep çangarlı,0,1
zehrakay,0,1
ylmzfrk,0,1
nuri çekin,0,1
smgnslk,0,1
sokol1901,0,1
jhohn,0,1
zetel,0,1
daleycc,0,1
myosmalexis,0,1
zwaygp,0,1
eljot8472,0,1
lmitch888,0,1
baconcrisp,0,1
henkpunt-hot,0,1
edtre,0,1
trevordodge,0,1
jay may,0,1
mustafay,0,1
gctreasurer,0,1
deemey95,0,1
eric teller,0,1
ika-chan!,0,1
riiga,0,1
sac1234,0,1
poppyflowers,0,1
forstek,0,1
legolash2oliam,0,1
mayday237892,0,1
kreitz19,0,1
eddie2006,0,1
giuseppemari,0,1
bilbo huggins,0,1
allyallyally,0,1
absurdpooky,0,1
blee31,0,1
gertrude aj,0,1
ajr-gb,0,1
alan couchman-sawyer,0,1
observer,0,1
dmastin82,0,1
carlwev,0,1
teresalangenkamp,0,1
secondedition,0,1
johnsidi,0,1
steve@l,0,1
rabeyroux,0,1
gcaspar,0,1
erelen,0,1
xmlmaster,0,1
tom heathcote,0,1
nushsaid,0,1
danielak87,0,1
linus wolf,0,1
maryoolo,0,1
nikos koskinas,0,1
wonderworld,0,1
samanthalevi,0,1
matvey_kiev_ua,0,1
var-vara,0,1
guyporter,0,1
jozefm,0,1
joria,0,1
altay ozcan,0,1
cengiz söğütlü,0,1
buse yaren kılınç,0,1
cihanbirtan,0,1
jasonmcclung,0,1
fredriklindseth,0,1
xenofondas,0,1
ci̇han odabaşi,0,1
anaximandre,0,1
fungurume man,0,1
everydayduffy,0,1
and_12,0,1
nicojp,0,1
sixfoureight,0,1
jean-yves longchamp,0,1
giraud colin,0,1
binti_afrika,0,1
leigh-ann,0,1
pàdraig preas,0,1
tomdubbs,0,1
mi_ri,0,1
ndrw6,0,1
george maia,0,1
hasan hüseyin hacıyusufoğlu,0,1
erenchu,0,1
cagatay_binici,0,1
nick in kew,0,1
pedds,0,1
edspratt,0,1
asheffern,0,1
darwin's tripods,0,1
ahoysceneboy,0,1
jamie woodhouse,0,1
haydenstone,0,1
scarletazure,0,1
arkreaper,0,1
burak kolukısa,0,1
setenay,0,1
monkeyguy78,0,1
oğuz bey,0,1
thomasøderud,0,1
seanmcquillan,0,1
omerklc755,0,1
ceylanoz,0,1
tomjoy,0,1
lksnds,0,1
osmanincel,0,1
mrmoonman,0,1
whatmeinfallible,0,1
isabeau_navarre,0,1
kdrgursoy7,0,1
engkrg,0,1
red_ranger,0,1
moradon,0,1
sp!ke,0,1
shazm,0,1
ilaydas,0,1
crusier,0,1
gsimon,0,1
mudkip,0,1
teq mane,0,1
dogucantapan,0,1
amigokima,0,1
j1scad,0,1
dorukerg,0,1
ercan güneri̇,0,1
ezgicardakli,0,1
oguzhantutar,0,1
andys1979,0,1
ice256,0,1
perlimpinpin,0,1
tomjeffs,0,1
dagliselim,0,1
perrycrofts,0,1
merve_ugur,0,1
kandemir,0,1
marvin bergner,0,1
dreamlord,0,1
steijn,0,1
muhammed oktay,0,1
swiftymcgee,0,1
sefertuyluoglu,0,1
oldcor,0,1
anil93,0,1
zverik_imports,0,1
pete mcallister,0,1
alfredosp,0,1
ianmccallahan,0,1
mark2295,0,1
ألبرشت شونكا,0,1
ufukari,0,1
richardg6paj,0,1
ozkanabdllh,0,1
naomip,0,1
paul48,0,1
bruce bonus,0,1
alexander bisset,0,1
bieluga,0,1
halil yıldız,0,1
ktim,0,1
meadowgreen,0,1
ismaeldiarria,0,1
burakkeski̇n,0,1
brunoacafonso,0,1
bdagdeviren,0,1
mertaldogan,0,1
erdigokce,0,1
walthamcity,0,1
uthmani,0,1
stonemill2,0,1
nxasdf,0,1
markrg,0,1
libor bednarik,0,1
thomas hills,0,1
knihovnik,0,1
aight 2009,0,1
herr_flupke,0,1
bernardv,0,1
mhoang,0,1
victor_bob,0,1
nikolas von randow,0,1
neemaalphonce,0,1
mgspiller,0,1
