,mapper1,mapper2,datemapped,weight,avgDistance
0,abdul osm,aneth nemes,2017-10-08,3,0.00192751775094908
1,abdul osm,aneth nemes,2017-10-16,4,0.00122641881485826
2,abdul osm,aneth nemes,2017-10-18,3,0.00204628256056978
3,abdul osm,aneth nemes,2017-10-21,32,0.00748340647083477
4,abdul osm,aneth nemes,2017-10-22,39,0.001369616969265
5,abdul osm,aneth nemes,2017-10-23,5,0.00117430639498181
6,abdul osm,aneth nemes,2017-11-01,11,0.0037045714984998
7,abdul osm,bigalxyz123,2017-10-08,124,0.00169018696777926
8,abdul osm,bigalxyz123,2017-10-16,489,0.00208887744040913
9,abdul osm,bigalxyz123,2017-10-18,143,0.00203619750900226
10,abdul osm,bigalxyz123,2017-10-21,1211,0.00294674446202357
11,abdul osm,bigalxyz123,2017-10-22,1709,0.00237194346403752
12,abdul osm,bigalxyz123,2017-10-23,220,0.00259450384861052
13,abdul osm,bigalxyz123,2017-10-25,582,0.00305676534778594
14,aboges26,abr2296,2016-10-20,12,0.0011941531875057
15,aboges26,abr2296,2016-10-21,296,0.00177703042648291
16,aboges26,abr2296,2016-10-22,2903,0.00657572123041394
17,aboges26,abr2296,2016-11-11,6093,0.00121381395474723
18,aboges26,amarrington,2016-10-21,1,0.00136552693689706
19,aboges26,andrelly,2016-11-08,12,0.00111849884313465
20,aboges26,andrelly,2016-11-09,1866,0.00269774392049461
21,aboges26,asfrod,2016-11-09,1549,0.00385193805596316
22,aboges26,brb1693,2016-11-09,693,0.00185401937036104
23,aboges26,danielzyt,2016-11-07,404,0.00129020807064703
24,aboges26,danielzyt,2016-11-08,7957,0.00120453933633324
25,aboges26,ealienhard,2016-10-16,3853,0.0015258788037736
26,aboges26,ealienhard,2016-11-09,4,0.003256530189845
27,aboges26,ehruhm,2016-11-09,33406,0.00209276259423614
28,aboges26,esmanov,2016-10-17,165,0.00181991526251842
29,aboges26,esmanov,2016-10-19,4,0.00102904498050917
30,aboges26,esmanov,2016-10-22,346,0.00128474394261618
31,aboges26,esmanov,2016-11-07,2376,0.0030327214002386
32,aboges26,esmanov,2016-11-08,289,0.0013414998678446
33,aboges26,esmanov,2016-11-09,7262,0.00226693527179151
34,aboges26,esmanov,2016-11-10,2597,0.00126202454278506
35,aboges26,esmanov,2016-11-11,11303,0.00178208798080218
36,aboges26,esteban suárez,2016-11-09,202,0.00310631816651289
37,aboges26,farydh,2016-10-16,9,0.00134456453910072
38,aboges26,farydh,2016-10-17,3,0.00111819582405129
39,aboges26,farydh,2016-10-19,13,0.00133889675814137
40,aboges26,har9075,2016-10-16,177,0.00174398345802194
41,aboges26,har9075,2016-11-08,42,0.00129945481703597
42,aboges26,hills95,2016-10-20,60,0.00103963297556988
43,aboges26,hills95,2016-10-21,1407,0.00107171016595603
44,aboges26,hills95,2016-10-22,2214,0.00132139040818869
45,aboges26,hills95,2016-11-07,2395,0.00132933384451749
46,aboges26,hills95,2016-11-08,9883,0.00145958185101242
47,aboges26,hills95,2016-11-11,1768,0.00108376944734503
48,aboges26,itsukishindo,2016-11-09,4599,0.00128665348593548
49,aboges26,jabahum,2016-11-09,72,0.00106636719207958
50,aboges26,jpierel14,2016-11-07,128,0.0020974946789808
51,aboges26,jpierel14,2016-11-09,17193,0.00182281671815409
52,aboges26,jtodd38000,2016-10-16,16,0.0011041110388202
53,aboges26,jtodd38000,2016-11-09,25,0.00178390384574883
54,aboges26,judithkamugisha,2016-11-08,410,0.00355878222641774
55,aboges26,judithkamugisha,2016-11-11,319,0.00122747081467304
56,aboges26,juliana sepúlveda,2016-11-09,508,0.00209542688587156
57,aboges26,kaitlynh,2016-11-09,5734,0.00222426564769206
58,aboges26,kiggudde,2016-10-16,29947,0.00222001786273439
59,aboges26,kiggudde,2016-10-19,16,0.00105142030452489
60,aboges26,kiggudde,2016-10-20,13,0.00104077325410953
61,aboges26,kiggudde,2016-10-21,545,0.00208114364934063
62,aboges26,kiggudde,2016-10-22,87,0.00112669558161124
63,aboges26,kiggudde,2016-11-07,631,0.00192810162525703
64,aboges26,kiggudde,2016-11-08,568,0.00224252900523944
65,aboges26,kiggudde,2016-11-09,423,0.00151000290447924
66,aboges26,knnewman,2016-11-03,8436,0.00133202495186731
67,aboges26,kyasiikane jorun,2016-11-08,5,0.00103115856734631
68,aboges26,legendary1,2016-11-09,1,0.00135666907228228
69,aboges26,mandyw,2016-11-07,14,0.00126755604682764
70,aboges26,nababi tracy,2016-11-07,38,0.00102211100867265
71,aboges26,nababi tracy,2016-11-08,63,0.00103286199874433
72,aboges26,nababi tracy,2016-11-09,34935,0.0020325553330853
73,aboges26,nababi tracy,2016-11-10,488,0.00156481157731119
74,aboges26,nababi tracy,2016-11-11,57047,0.00129541354432097
75,aboges26,nabulo carol,2016-10-22,2509,0.00235752009252769
76,aboges26,nabulo carol,2016-11-07,891,0.00169025292028887
77,aboges26,nabulo carol,2016-11-08,5743,0.00184263879663681
78,aboges26,nabulo carol,2016-11-09,3733,0.00174489051956933
79,aboges26,nabulo carol,2016-11-10,4105,0.00175213058515172
80,aboges26,nabulo carol,2016-11-11,21222,0.00174109929197146
81,aboges26,nawinecoff,2016-10-16,10898,0.00194364904607841
82,aboges26,osm ebenezer,2016-11-07,23,0.00113004322312022
83,aboges26,osm ebenezer,2016-11-08,58,0.00122532062766476
84,aboges26,osm ebenezer,2016-11-11,3,0.00106481041207238
85,aboges26,patrick etomet,2016-09-16,151,0.00180321468537809
86,aboges26,patrick etomet,2016-10-20,276,0.00106336847472619
87,aboges26,patrick etomet,2016-10-21,16935,0.0014418061107326
88,aboges26,patrick etomet,2016-11-07,161,0.00111996828540223
89,aboges26,patrick etomet,2016-11-08,1110,0.00157817963591222
90,aboges26,patrick etomet,2016-11-09,1425,0.00115912471016166
91,aboges26,patrick etomet,2016-11-10,1014,0.00148175767780705
92,aboges26,patrick etomet,2016-11-11,8289,0.00143539220866358
93,aboges26,premson,2016-11-08,532,0.00125978664805356
94,aboges26,prosper1994,2016-11-07,149,0.00122100320967345
95,aboges26,prosper1994,2016-11-08,373,0.00117144452523832
96,aboges26,sbhoskins,2016-11-09,2549,0.00221288408748906
97,aboges26,sekcore,2016-11-09,1010,0.00156385674284685
98,aboges26,smart d,2016-10-16,1514,0.00170285223582487
99,aboges26,tomm4,2016-10-20,4,0.00133216774085795
100,aboges26,tomm4,2016-10-21,16,0.00163253101056476
101,aboges26,tomm4,2016-11-07,215,0.00115900064163029
102,aboges26,tomm4,2016-11-08,4658,0.00156799667939518
103,aboges26,tomm4,2016-11-11,17932,0.00170652483888562
104,aboges26,yukiejiang,2016-11-09,28118,0.00188312664125795
105,aboges26,zoyakaufmann,2016-03-26,113,0.00106642768153501
106,aboges26,zoyakaufmann,2016-03-28,7379,0.00213710291018286
107,abr2296,allan daniel,2017-04-14,180,0.00126341958833494
108,abr2296,esmanov,2016-09-23,24,0.00103901728578044
109,abr2296,hills95,2016-09-23,7734,0.001169508097865
110,abr2296,juliakleine,2016-09-23,12636,0.00278155614531016
111,abr2296,juliakleine,2016-10-04,624,0.0035891778209632
112,abr2296,kylerallen,2016-10-04,2965,0.00126139421505946
113,abr2296,nabulo carol,2016-09-23,3231,0.0027594308319416
114,abr2296,patrick etomet,2016-09-23,7544,0.00127750568276228
115,abr2296,wisniewskin,2016-09-23,240,0.0057617864905939
116,aclark1126,hills95,2017-04-17,4954,0.00783008686978873
117,aclark1126,prosper1994,2017-04-07,42074,0.00187936875111177
118,afo-kangah,hills95,2017-04-10,834,0.0171205695130951
119,afo-kangah,nababi tracy,2017-04-10,34,0.00108566299379476
120,afo-kangah,siima,2017-04-10,88,0.00173541172767826
121,aiko harriet tubby,danielzyt,2017-02-08,172,0.00134821796668721
122,aiko harriet tubby,kaluba micheal,2017-02-08,9,0.0135446753040757
123,aiko harriet tubby,mugabi henry,2017-02-10,7,0.00119001671743642
124,aiko harriet tubby,prosper1994,2017-02-08,146,0.00255612863508915
125,alice bonfiglio,danolad,2017-05-09,693,0.00133576544029626
126,alice bonfiglio,fliant,2017-04-04,2714,0.00121684239711763
127,alice bonfiglio,mugabi henry,2017-05-09,40,0.0929054094674647
128,allan daniel,danielzyt,2017-01-11,2712,0.00183750648063401
129,allan daniel,danielzyt,2017-02-07,12,0.00102757023205589
130,allan daniel,danielzyt,2017-02-08,9408,0.00163980713692198
131,allan daniel,danielzyt,2017-02-15,3817,0.00312752587753374
132,allan daniel,danielzyt,2017-02-16,250,0.00111727010628249
133,allan daniel,danielzyt,2017-02-27,336,0.00280052950163523
134,allan daniel,danielzyt,2017-04-27,44370,0.00214805249783224
135,allan daniel,fliant,2017-04-27,240,0.00143625939946955
136,allan daniel,fliant,2017-04-30,480,0.00117920965420621
137,allan daniel,judithkamugisha,2016-01-11,15,0.00120538771580967
138,allan daniel,judithkamugisha,2017-02-15,120,0.00612123306337062
139,allan daniel,juweni,2017-03-08,24238,0.00154806097960345
140,allan daniel,kaluba micheal,2017-02-08,83,0.00113537199284563
141,allan daniel,kaluba micheal,2017-02-12,3,0.00460758297417705
142,allan daniel,kombe1207,2017-02-07,110,0.00563039689374011
143,allan daniel,michael montani,2017-02-15,344,0.00133523312152717
144,allan daniel,mugabi henry,2017-02-08,555,0.00186814543841963
145,allan daniel,mugabi henry,2017-02-12,45,0.00776764615159211
146,allan daniel,mugabi henry,2017-02-19,8,0.00106733903281431
147,allan daniel,musawo,2017-01-11,145,0.00225801167362019
148,allan daniel,naturinda,2016-01-11,125,0.00155512894036812
149,allan daniel,naturinda,2017-02-15,7806,0.00153423945542918
150,allan daniel,naturinda,2017-02-19,56,0.00109859217972626
151,allan daniel,naturinda,2017-02-27,560,0.00131503632096419
152,allan daniel,naturinda,2017-03-08,1526,0.00128313263102378
153,allan daniel,okwang stephen,2017-02-17,96,0.00106401488182132
154,allan daniel,prosper1994,2017-02-08,5853,0.00112499640919437
155,allan daniel,prosper1994,2017-02-21,15,0.00100258800818731
156,allan daniel,prosper1994,2017-04-07,3949,0.00116689288937428
157,allan daniel,siima,2016-01-11,75,0.00125878547277236
158,allan daniel,siima,2017-02-15,2602,0.00300972061642075
159,allan daniel,siima,2017-02-16,80,0.00280614071659513
160,allan daniel,siima,2017-02-17,192,0.0020570094668257
161,allan daniel,siima,2017-03-08,58371,0.00142361354124046
162,allan daniel,tars4815,2017-04-07,806,0.00107334122767788
163,allan daniel,tugume dan,2017-02-08,312,0.00110518022353384
164,amarrington,cheyenneb,2016-11-19,217,0.0011694901724962
165,amarrington,hills95,2016-11-19,12,0.00111284261584584
166,amarrington,kiggudde,2016-11-19,81,0.0018264400794392
167,amarrington,patrick etomet,2016-11-19,272,0.00203546848833396
168,amarrington,pluna1,2016-11-19,51,0.00172017086987705
169,amolie,danielzyt,2016-01-14,931,0.00295757827115446
170,amuhogwe,hills95,2017-02-10,392,0.00254772131757743
171,amuronkatie,danielzyt,2016-10-29,8,0.00103585336207407
172,amuronkatie,juliakleine,2016-10-29,1070,0.00123355795022659
173,andrelly,jtodd38000,2016-11-03,1055,0.00470425995414055
174,andres_villada,maddyrich,2016-11-03,6196,0.00160260542169234
175,andres_villada,premson,2016-11-03,8218,0.00150882775403289
176,andres_villada,rcampbe1,2016-11-03,93,0.00102563794488943
177,andya96,mconant,2017-09-26,2,0.00100359274598257
178,aneth nemes,anthony acquah,2017-10-05,5,0.00215158910163463
179,aneth nemes,anthony acquah,2017-10-14,12,0.00178600131083555
180,aneth nemes,anthony acquah,2017-10-23,6,0.00157362673661379
181,aneth nemes,anthony acquah,2017-11-02,30,0.00375720653279066
182,aneth nemes,bigalxyz123,2017-10-05,286,0.00292435975452993
183,aneth nemes,bigalxyz123,2017-10-14,216,0.00177893116624942
184,aneth nemes,bigalxyz123,2017-10-23,82,0.00156444431034852
185,anthony acquah,bigalxyz123,2017-10-06,176,0.00154292281609301
186,anthony acquah,bigalxyz123,2017-10-09,549,0.0022416116743409
187,anthony acquah,bigalxyz123,2017-10-13,122,0.00154564524101538
188,anthony acquah,bigalxyz123,2017-10-14,270,0.00264144896356155
189,anthony acquah,bigalxyz123,2017-10-20,57,0.00157632718075714
190,anthony acquah,bigalxyz123,2017-10-21,182,0.00176077686264273
191,anthony acquah,bigalxyz123,2017-10-22,546,0.00319719148896319
192,anthony acquah,bigalxyz123,2017-10-24,254,0.00201756935798826
193,anthony acquah,bigalxyz123,2017-10-27,162,0.00197402248456969
194,anthony acquah,bigalxyz123,2017-10-28,644,0.00366643793568393
195,anthony acquah,bigalxyz123,2017-10-29,82,0.00219999891677274
196,anthony acquah,coleedwards920,2017-01-03,4922,0.00270955564580962
197,aosalia22,esmanov,2016-04-28,200,0.00142057105375582
198,aosalia22,jpgehringer5,2016-09-13,3468,0.00197642661942199
199,aosalia22,kylerallen,2016-09-13,288,0.00165712509415978
200,aosalia22,patrick etomet,2016-09-13,9,0.0104445955835294
201,aosalia22,reeseray789,2016-09-13,8508,0.00257909885649512
202,aosalia22,sydneynotman,2016-09-13,354,0.0011919479583704
203,arthurian arthur,mugabi henry,2017-02-08,2,0.00106302822804383
204,asfrod,maddyrich,2016-11-03,79,0.00113667968399383
205,asfrod,rcampbe1,2016-11-03,1245,0.00123718673296669
206,asturksever,bigalxyz123,2017-05-31,469,0.00188987243595888
207,balberto,juliakleine,2016-11-03,1731,0.00126383307058145
208,bashirmuguya,hills95,2017-02-11,175,0.0077167463217954
209,bashirmuguya,nababi tracy,2017-02-11,106,0.00104665456975843
210,bobwalter42,brublanc,2017-03-20,3456,0.00297704618145593
211,bobwalter42,brublanc,2017-03-21,72,0.00351474449698276
212,bobwalter42,brublanc,2017-04-04,197,0.00179432395537319
213,bobwalter42,brublanc,2017-04-16,184,0.00122626387083549
214,bobwalter42,brublanc,2017-04-25,3682,0.00305871107861606
215,bobwalter42,emily glaeser,2017-02-28,1199,0.00190606698969351
216,bobwalter42,ianmcvey,2017-03-20,17,0.00446675499266669
217,brb1693,nandjo,2017-04-20,974,0.0035926929645285
218,brublanc,danielzyt,2017-06-08,196,0.00370902780251049
219,brublanc,esteban suárez,2016-11-05,45,0.00145732213036009
220,brublanc,ianmcvey,2017-03-03,329,0.00131664374197608
221,brublanc,ianmcvey,2017-03-21,39,0.003961390466385
222,brublanc,ianmcvey,2017-04-11,33,0.00241849689566777
223,brublanc,ianmcvey,2017-04-24,25,0.00336394057429086
224,brublanc,jsolly,2017-02-02,362,0.00178236347816482
225,brublanc,jtodd38000,2016-09-19,12,0.00413302690484097
226,brublanc,kiggudde,2016-09-18,2710,0.00135450701762393
227,brublanc,kiggudde,2016-09-19,2605,0.00135800106944274
228,brublanc,la_nenemini,2017-07-22,101,0.00375512009214159
229,brublanc,la_nenemini,2017-07-23,397,0.00209609342639341
230,brublanc,lani_martin,2017-01-31,2456,0.0030691177636669
231,brublanc,lani_martin,2017-02-02,107179,0.0011833645974222
232,brublanc,lani_martin,2017-03-28,8,0.00104569681431224
233,brublanc,lani_martin,2017-04-04,13,0.00123822390109983
234,brublanc,lani_martin,2017-04-24,1050,0.00120864546988549
235,brublanc,lani_martin,2017-08-03,23,0.00119269195085644
236,brublanc,mad354,2017-02-14,192,0.00154739522636411
237,brublanc,nabulo carol,2017-06-13,15,0.00209620210029694
238,brublanc,nabulo carol,2017-07-11,1134,0.00416490621105665
239,brublanc,nawinecoff,2016-09-19,242,0.00114478333283128
240,brublanc,patgp,2017-01-31,144,0.00134668337019994
241,brublanc,pkodame,2017-02-14,112,0.00504396317552581
242,cheyenneb,danielzyt,2016-09-08,48,0.00101699781867529
243,cheyenneb,hills95,2016-09-08,20,0.00101761346266209
244,cheyenneb,hills95,2016-09-22,18702,0.00132621838942652
245,cheyenneb,jpgehringer5,2016-09-08,16,0.00116292693423882
246,cheyenneb,jpgehringer5,2016-09-22,2671,0.00356508359799458
247,cheyenneb,kiggudde,2016-09-08,28,0.00206091746876737
248,cheyenneb,kiggudde,2016-09-22,28001,0.00354918411717723
249,cheyenneb,lorlonyo1,2016-11-10,92,0.00114938702278137
250,cheyenneb,lorlonyo1,2016-12-01,928,0.00117643499766296
251,cheyenneb,lorlonyo1,2016-12-07,1280,0.00754549948368057
252,cheyenneb,naturinda,2016-09-22,6861,0.00139510529075467
253,cheyenneb,nawinecoff,2016-09-22,7,0.00100253883541938
254,cheyenneb,patrick etomet,2016-09-22,20658,0.00135011503383898
255,cheyenneb,pkodame,2016-11-02,422,0.0140576649875301
256,cheyenneb,smart d,2016-09-08,4,0.00107436250359436
257,cheyenneb,smart d,2016-09-22,379,0.00225227781498712
258,cheyenneb,tomm4,2016-09-08,16,0.00118397954422875
259,cheyenneb,tomm4,2016-09-22,1091,0.00542267874347623
260,chiaraponti,danielzyt,2017-04-12,58223,0.00221161589672224
261,chiaraponti,danielzyt,2017-04-13,8959,0.00966430180062072
262,chiaraponti,hills95,2017-04-17,2450,0.00801863621467161
263,chiaraponti,hills95,2017-05-19,812,0.00380197021326058
264,chiaraponti,nabulo carol,2017-04-05,975,0.00138919013128009
265,chiaraponti,naturinda,2017-04-05,4618,0.004909950407072
266,chiaraponti,naturinda,2017-04-17,64,0.00135261991088638
267,chiaraponti,siima,2017-04-05,9252,0.00348298975071011
268,chomba chishala,michael montani,2018-01-06,340,0.0301904548345763
269,codywhit,har9075,2016-09-22,996,0.00294554398194427
270,codywhit,hills95,2016-09-22,91549,0.00130209402469608
271,codywhit,judithkamugisha,2016-09-22,6084,0.00181039019791061
272,codywhit,kiggudde,2016-09-22,1465,0.00123787254348787
273,codywhit,kyasiikane jorun,2016-09-22,145,0.001097834248361
274,codywhit,nabulo carol,2016-09-22,66407,0.0017243190364872
275,codywhit,osm ebenezer,2016-09-22,687,0.00111186662495085
276,codywhit,prosper1994,2016-09-22,10721,0.00117799705747673
277,coleedwards920,edict01,2016-11-03,98,0.0305759183907951
278,coleedwards920,enock4seth,2016-11-03,452,0.00194644209497707
279,coleedwards920,enock4seth,2016-11-30,964,0.00185833163935475
280,coleedwards920,enock4seth,2016-12-01,1573,0.00143807984694785
281,coleedwards920,enock4seth,2016-12-04,444,0.00146245938744061
282,coleedwards920,enock4seth,2016-12-05,1892,0.00139843927147757
283,coleedwards920,enock4seth,2016-12-07,2159,0.00152383260380111
284,coleedwards920,jpgehringer5,2016-09-14,1094,0.00120126758284813
285,coleedwards920,jpgehringer5,2016-09-15,4004,0.00119169016547081
286,coleedwards920,jpgehringer5,2016-09-22,190647,0.00229050990524049
287,coleedwards920,kwaku_boateng,2016-11-03,452,0.00184834931881878
288,coleedwards920,kwaku_boateng,2016-11-30,849,0.00476690077564618
289,coleedwards920,kwaku_boateng,2016-12-01,1141,0.00443490830914905
290,coleedwards920,kwaku_boateng,2016-12-02,24,0.00278121317100819
291,coleedwards920,kwaku_boateng,2016-12-04,222,0.00459445003678073
292,coleedwards920,kwaku_boateng,2016-12-05,740,0.0020362121523115
293,coleedwards920,kwaku_boateng,2016-12-07,484,0.00770717766127501
294,coleedwards920,nawinecoff,2016-09-22,32,0.0011100502312457
295,coleedwards920,pkodame,2016-11-03,2449,0.00331448067721535
296,coleedwards920,pkodame,2016-11-30,5110,0.00412068895481979
297,coleedwards920,pkodame,2016-12-01,7759,0.00370685615747288
298,coleedwards920,pkodame,2016-12-02,226,0.00263926286513509
299,coleedwards920,pkodame,2016-12-04,1523,0.00504050482176948
300,coleedwards920,pkodame,2016-12-05,4708,0.00304405096473274
301,coleedwards920,pkodame,2016-12-07,4569,0.00294260226470296
302,coleedwards920,tomm4,2016-09-22,20498,0.0016121246415433
303,danieleoxoli,judithkamugisha,2017-03-21,526,0.00106145522922857
304,danieleoxoli,mugabi henry,2015-12-14,25,0.00124105454367997
305,danieleoxoli,nabulo carol,2017-03-21,2176,0.00308216758802229
306,danielzyt,dygeza,2017-01-11,2,0.00169078259153111
307,danielzyt,evlyn tumwah,2017-09-12,30696,0.00145874940255664
308,danielzyt,evlyn tumwah,2017-09-13,14850,0.00162023238157996
309,danielzyt,farydh,2016-12-17,126,0.00117381860230362
310,danielzyt,hills95,2016-09-07,12202,0.00124963200907082
311,danielzyt,hills95,2016-09-17,3560,0.00107098939437289
312,danielzyt,hills95,2016-10-21,64,0.0024700942161323
313,danielzyt,hills95,2016-10-22,1163,0.00108694853128348
314,danielzyt,hills95,2016-12-17,385019,0.00193375484987239
315,danielzyt,hills95,2017-01-10,7454,0.00211721726706082
316,danielzyt,hills95,2017-01-11,188400,0.00189239375660031
317,danielzyt,hills95,2017-02-06,7559,0.0060556417330651
318,danielzyt,hills95,2017-02-07,19,0.00101128903206146
319,danielzyt,hills95,2017-02-09,19853,0.00149798937073681
320,danielzyt,hills95,2017-02-11,121,0.00107854765541254
321,danielzyt,hills95,2017-02-12,2458,0.00367652914339197
322,danielzyt,hills95,2017-02-14,13939,0.00206647411357741
323,danielzyt,hills95,2017-02-15,1484,0.00439996784804649
324,danielzyt,hills95,2017-02-16,254,0.00106409981394536
325,danielzyt,hills95,2017-02-19,3100,0.00107661346195115
326,danielzyt,hills95,2017-02-23,544,0.00137799241868636
327,danielzyt,hills95,2017-03-03,28,0.00106224168188976
328,danielzyt,hills95,2017-03-08,12801,0.00205692279528886
329,danielzyt,hills95,2017-03-17,1200,0.00144626681163065
330,danielzyt,hills95,2017-04-07,848,0.00128039275877635
331,danielzyt,hills95,2017-04-09,36790,0.00137199070296182
332,danielzyt,hills95,2017-04-11,506187,0.0026169614262217
333,danielzyt,hills95,2017-04-14,162,0.00122154354170593
334,danielzyt,hills95,2017-04-30,46043,0.00181122166889847
335,danielzyt,hills95,2017-05-30,21866,0.00122884592258546
336,danielzyt,hills95,2017-05-31,79577,0.00161664882194862
337,danielzyt,hills95,2017-06-02,83587,0.00581026012622276
338,danielzyt,hills95,2017-06-03,3904,0.00394987470788462
339,danielzyt,hills95,2017-06-04,16823,0.00130407375991965
340,danielzyt,hills95,2017-06-05,43119,0.00164957660022616
341,danielzyt,hills95,2017-06-07,73079,0.0020751097894207
342,danielzyt,hills95,2017-06-08,108012,0.00207768754585993
343,danielzyt,hills95,2017-06-09,12678118,0.00180223585122029
344,danielzyt,hills95,2017-06-11,195374,0.00203266813524852
345,danielzyt,hills95,2017-06-12,5622,0.00297778424873157
346,danielzyt,hills95,2017-06-13,164033,0.00181705120551377
347,danielzyt,hills95,2017-06-15,115965,0.00544071190370133
348,danielzyt,hills95,2017-06-16,39951,0.00155178888007118
349,danielzyt,hills95,2017-06-20,676081,0.00165139363610521
350,danielzyt,hills95,2017-06-28,19584,0.00187338027521376
351,danielzyt,hills95,2017-07-01,77705,0.00470802712386105
352,danielzyt,hills95,2017-07-04,876,0.00773516591944431
353,danielzyt,hills95,2017-07-19,16,0.00100393691161749
354,danielzyt,hills95,2017-07-21,667789,0.00154933396881722
355,danielzyt,hills95,2017-07-23,4608,0.00457295611552985
356,danielzyt,hills95,2017-08-05,2303,0.00106618875814704
357,danielzyt,hills95,2017-09-11,873,0.00116591206254454
358,danielzyt,hills95,2017-09-12,243087,0.00175704254662147
359,danielzyt,hills95,2017-09-13,463445,0.00239924592124612
360,danielzyt,hills95,2017-09-14,3112,0.00115482877984182
361,danielzyt,hills95,2017-09-15,547596,0.00172953164764898
362,danielzyt,hills95,2017-09-18,968563,0.00159859402580747
363,danielzyt,hills95,2017-09-19,250439,0.00232128506134013
364,danielzyt,hills95,2017-09-20,1607836,0.00155634142309895
365,danielzyt,hills95,2017-09-22,155074,0.00259088719752344
366,danielzyt,hills95,2017-09-23,58,0.00105799487314245
367,danielzyt,hills95,2017-10-05,118757,0.00186176625023776
368,danielzyt,hills95,2017-10-06,217699,0.00187706679572759
369,danielzyt,hills95,2017-10-07,10420,0.00125952207092817
370,danielzyt,hills95,2017-10-08,1406063,0.00210537725147128
371,danielzyt,hills95,2017-10-09,9428,0.003495215618042
372,danielzyt,hills95,2017-10-10,6554,0.00153720659513505
373,danielzyt,hills95,2017-10-11,365,0.00241511007890441
374,danielzyt,ingrid k,2016-12-23,38,0.00141702703055811
375,danielzyt,jpgehringer5,2016-09-07,92,0.00103629827322165
376,danielzyt,jpgehringer5,2016-09-17,268,0.00195940342639393
377,danielzyt,judithkamugisha,2017-02-13,5476,0.00194896057574727
378,danielzyt,judithkamugisha,2017-02-15,200,0.0112476133979241
379,danielzyt,judithkamugisha,2017-03-08,240,0.00136785042168609
380,danielzyt,judithkamugisha,2017-03-15,300,0.00110452545953191
381,danielzyt,judithkamugisha,2017-03-17,3076,0.00162727608256694
382,danielzyt,judithkamugisha,2017-03-22,80,0.00106977072819233
383,danielzyt,judithkamugisha,2017-04-09,638,0.00111228186381207
384,danielzyt,judithkamugisha,2017-04-14,44,0.00195198827791625
385,danielzyt,judithkamugisha,2017-06-20,105021,0.00170540902611332
386,danielzyt,judithkamugisha,2017-07-21,1856,0.00629977111554012
387,danielzyt,judithkamugisha,2017-09-13,86394,0.00153630869427943
388,danielzyt,juliakleine,2016-09-07,4,0.00101493531967888
389,danielzyt,juliakleine,2016-09-14,694,0.00161008227347182
390,danielzyt,juliakleine,2016-09-17,16969,0.00129528461807113
391,danielzyt,juliakleine,2016-10-22,569,0.00111270269430838
392,danielzyt,juweni,2017-03-08,36,0.00101046003806242
393,danielzyt,juweni,2017-03-16,13249,0.0013475465827635
394,danielzyt,juweni,2017-03-20,761,0.00124917806763998
395,danielzyt,juweni,2017-04-08,192,0.00127516982763655
396,danielzyt,juweni,2017-04-10,5861,0.00149840051940574
397,danielzyt,juweni,2017-04-11,864,0.00145626441628433
398,danielzyt,juweni,2017-04-14,4,0.00113710741633875
399,danielzyt,juweni,2017-06-11,28506,0.00258562082724586
400,danielzyt,juweni,2017-06-12,8320,0.0011481881044264
401,danielzyt,juweni,2017-07-19,16,0.00141694777954272
402,danielzyt,kiggudde,2016-09-07,3952,0.00139963401512881
403,danielzyt,kiggudde,2016-09-17,366,0.00138860497590209
404,danielzyt,kiggudde,2016-10-22,1854,0.00291309961522646
405,danielzyt,kiggudde,2016-12-17,16505,0.00168365640199983
406,danielzyt,kiggudde,2016-12-23,251,0.0217673686137884
407,danielzyt,kiggudde,2017-06-20,2737,0.00128288086814101
408,danielzyt,kiggudde,2017-07-23,8,0.00103932316311956
409,danielzyt,kiggudde,2017-09-13,123,0.0022838021579703
410,danielzyt,kiggudde,2017-09-14,1188,0.00148310584527583
411,danielzyt,kiggudde,2017-09-15,12394,0.00178522388192666
412,danielzyt,kiggudde,2017-09-16,4,0.0287623156487565
413,danielzyt,kiggudde,2017-09-18,3198,0.00115017767479668
414,danielzyt,kiggudde,2017-09-19,142,0.00156562679491711
415,danielzyt,kiggudde,2017-09-20,15767,0.00186366175896581
416,danielzyt,kiggudde,2017-09-22,4263,0.00197040650383946
417,danielzyt,kiggudde,2017-10-05,254,0.0017515575365415
418,danielzyt,kiggudde,2017-10-06,4291,0.00195745846265525
419,danielzyt,kiggudde,2017-10-07,1577,0.00138636443688112
420,danielzyt,kiggudde,2017-10-08,71677,0.0018628981116443
421,danielzyt,kiggudde,2017-10-09,18,0.00406989983682882
422,danielzyt,kiggudde,2017-10-10,379,0.00591906080593431
423,danielzyt,kiggudde,2017-10-11,14,0.00115662303435876
424,danielzyt,kombe1207,2016-12-17,65,0.00179786614331357
425,danielzyt,kombe1207,2017-02-09,134,0.00441094182301241
426,danielzyt,kombe1207,2017-02-11,385,0.00707048913343789
427,danielzyt,kombe1207,2017-02-12,267,0.00425086747179328
428,danielzyt,lani_martin,2017-06-26,1480,0.00839777528724982
429,danielzyt,mandyw,2016-10-22,34,0.00102655994457283
430,danielzyt,mconant,2017-07-26,8844,0.00199882707400069
431,danielzyt,michael montani,2016-11-19,1200,0.00180227336055961
432,danielzyt,nababi tracy,2016-10-22,4213,0.00132805636395378
433,danielzyt,nababi tracy,2016-12-17,111060,0.00211867518510942
434,danielzyt,nababi tracy,2016-12-23,59434,0.00261633944065717
435,danielzyt,nababi tracy,2017-02-06,236,0.00124856472564278
436,danielzyt,nababi tracy,2017-02-09,3864,0.00557749729069803
437,danielzyt,nababi tracy,2017-02-11,1045,0.0011296999863939
438,danielzyt,nababi tracy,2017-02-12,409,0.00117407923806266
439,danielzyt,nababi tracy,2017-02-13,1512,0.001992692277422
440,danielzyt,nababi tracy,2017-02-14,1120,0.00277817494886361
441,danielzyt,nababi tracy,2017-02-16,52297,0.001184255252791
442,danielzyt,nababi tracy,2017-03-03,764,0.00213742269719628
443,danielzyt,nababi tracy,2017-03-10,256,0.00143633532227355
444,danielzyt,nababi tracy,2017-08-07,1622,0.0017349745253395
445,danielzyt,nabulo carol,2016-10-22,53508,0.00167639293226238
446,danielzyt,nabulo carol,2017-01-10,40095,0.00159892594385106
447,danielzyt,nabulo carol,2017-01-11,25600,0.00120251931562622
448,danielzyt,nabulo carol,2017-02-09,1,0.0010150531930847
449,danielzyt,nabulo carol,2017-02-11,333,0.00117303261490509
450,danielzyt,nabulo carol,2017-02-12,8,0.0010662030190358
451,danielzyt,nabulo carol,2017-02-15,1007,0.00486682163355528
452,danielzyt,nabulo carol,2017-02-19,624,0.00425453236448141
453,danielzyt,nabulo carol,2017-03-08,126,0.00114389952543553
454,danielzyt,nabulo carol,2017-03-17,64,0.00118218190900259
455,danielzyt,nabulo carol,2017-03-18,4708,0.00141572599157128
456,danielzyt,nabulo carol,2017-03-24,140,0.00905630863703084
457,danielzyt,nabulo carol,2017-04-30,4400,0.00178407562119409
458,danielzyt,nabulo carol,2017-06-02,62664,0.00450542128272588
459,danielzyt,nabulo carol,2017-06-03,353274,0.00537371878210789
460,danielzyt,nabulo carol,2017-06-04,174168,0.00140408726575498
461,danielzyt,nabulo carol,2017-06-05,59482,0.00135829188911667
462,danielzyt,nabulo carol,2017-06-06,57744,0.00430962764960021
463,danielzyt,nabulo carol,2017-06-07,288,0.00153991124314583
464,danielzyt,nabulo carol,2017-06-08,73963,0.00410169770158799
465,danielzyt,nabulo carol,2017-06-09,1406186,0.00175964226943963
466,danielzyt,nabulo carol,2017-06-11,539564,0.00178198807735998
467,danielzyt,nabulo carol,2017-06-12,1888,0.00142481452193657
468,danielzyt,nabulo carol,2017-06-13,18785107,0.00175123140569548
469,danielzyt,nabulo carol,2017-06-14,1466982,0.00184533729975478
470,danielzyt,nabulo carol,2017-06-23,1445,0.00238609893244026
471,danielzyt,nabulo carol,2017-06-25,6720,0.00114602849214674
472,danielzyt,nabulo carol,2017-06-26,134266,0.00163410987526595
473,danielzyt,nabulo carol,2017-06-27,1983,0.00111647894265607
474,danielzyt,nabulo carol,2017-06-30,276,0.00753073866472618
475,danielzyt,nabulo carol,2017-07-01,499576,0.0043888396506644
476,danielzyt,nabulo carol,2017-07-05,44,0.00418697096771289
477,danielzyt,nabulo carol,2017-07-12,6620,0.00448685263663754
478,danielzyt,nabulo carol,2017-08-01,41497,0.00168683974445217
479,danielzyt,naturinda,2017-02-15,2013,0.00237900544010392
480,danielzyt,naturinda,2017-02-16,148,0.00107605156588285
481,danielzyt,naturinda,2017-02-17,24188,0.00165620125782228
482,danielzyt,naturinda,2017-02-18,3139,0.00132746252798687
483,danielzyt,naturinda,2017-02-25,2992,0.00149465660045494
484,danielzyt,naturinda,2017-03-01,64,0.00116043297371333
485,danielzyt,naturinda,2017-03-08,64,0.00430958724094975
486,danielzyt,naturinda,2017-03-20,2128,0.00118729995547533
487,danielzyt,naturinda,2017-03-22,1888,0.00141011067568612
488,danielzyt,naturinda,2017-06-20,28732,0.00212101314196924
489,danielzyt,naturinda,2017-07-19,1116,0.00277642391092147
490,danielzyt,naturinda,2017-09-13,12251,0.00122069026124377
491,danielzyt,nawinecoff,2017-08-04,292,0.00269317665977541
492,danielzyt,patrick etomet,2016-09-07,9521,0.00134299754207741
493,danielzyt,pluna1,2016-09-07,27395,0.00403832293912459
494,danielzyt,pluna1,2016-09-17,4119,0.0011605958267664
495,danielzyt,siima,2016-12-17,20469,0.00170012054214749
496,danielzyt,siima,2016-12-23,134,0.00122355952034762
497,danielzyt,siima,2017-02-15,208,0.00181719231916423
498,danielzyt,siima,2017-02-16,32603,0.00144257682008839
499,danielzyt,siima,2017-02-18,3800,0.00129439877279561
500,danielzyt,siima,2017-02-24,20,0.00842962296949291
501,danielzyt,siima,2017-02-25,1660,0.00122710056089394
502,danielzyt,siima,2017-03-08,896,0.00174092374501053
503,danielzyt,siima,2017-04-02,336,0.00149857956778948
504,danielzyt,siima,2017-04-12,11292,0.00195824046125642
505,danielzyt,siima,2017-06-20,50780,0.00178358979719364
506,danielzyt,siima,2017-07-21,467,0.00113479866323429
507,danielzyt,siima,2017-08-05,64,0.00151872427148249
508,danielzyt,siima,2017-09-13,236,0.00132169587669164
509,danielzyt,smart d,2016-09-07,122,0.00139758615388495
510,danielzyt,smart d,2016-09-17,67,0.00176425318983037
511,danielzyt,tars4815,2017-03-15,33750,0.00163397280273685
512,danielzyt,tars4815,2017-03-16,94,0.0010238860659981
513,danielzyt,tars4815,2017-04-07,58,0.00104137439403663
514,danielzyt,wava stella,2017-09-19,4,0.00391498659363737
515,danolad,mikew1123,2017-03-20,2194,0.00112409145946128
516,danolad,mikew1123,2017-05-13,242,0.00128028194934588
517,danolad,wisniewskin,2017-05-13,849,0.00153299133336111
518,dativa chuwa,lani_martin,2017-03-14,698,0.00640994937165352
519,david nickywoods,hills95,2016-01-19,674,0.0021107936186706
520,david nickywoods,juweni,2016-01-11,9674,0.00133184084672687
521,david nickywoods,nabulo carol,2016-01-20,340,0.00373489475976168
522,david nickywoods,nabulo carol,2016-02-05,114,0.00142085098130467
523,david nickywoods,patrick etomet,2016-01-16,3444,0.00737685288177406
524,deioncc,jpgehringer5,2016-09-08,9856,0.00306034013959667
525,deioncc,jpgehringer5,2016-09-21,428,0.00428134809533186
526,deioncc,nabulo carol,2016-09-15,204,0.00133956432772256
527,deioncc,tomm4,2016-09-21,6684,0.00160932120805226
528,dygeza,juweni,2016-12-17,557,0.00122567238454382
529,dygeza,prosper1994,2016-12-17,61,0.00131108431264337
530,dygeza,siima,2016-12-17,3723,0.0018303387515614
531,ealienhard,jabahum,2016-10-19,22,0.0011028691220624
532,ealienhard,nabulo carol,2016-10-19,102,0.00134975183900956
533,ealienhard,smart d,2016-09-23,428,0.00112238921342256
534,edgar collins,hills95,2017-02-06,142,0.00540438509228787
535,edgar collins,hills95,2017-03-10,24,0.00452773454263102
536,edgar collins,moses kitwi,2017-02-06,1,0.00358757857671869
537,edgar collins,nabulo carol,2017-02-12,5,0.0120974868747418
538,edict01,enock4seth,2016-11-10,8,0.00201730246356325
539,edict01,enock4seth,2016-12-14,18,0.00988751054277589
540,edict01,hills95,2017-06-21,2946,0.0129936036416803
541,edict01,kantwi,2016-12-14,13440,0.00696419479433553
542,edict01,kiggudde,2017-06-21,2470,0.0114666956317142
543,edict01,kylerallen,2016-11-15,21181,0.00261952264759163
544,ehruhm,yukiejiang,2016-11-17,106829,0.00222050651110517
545,emily glaeser,lani_martin,2017-03-07,66286,0.00229752481183785
546,emily glaeser,lani_martin,2017-04-03,3034,0.00242878017066771
547,enock4seth,iamenochmd,2017-03-23,1,0.00266776109324598
548,enock4seth,iamenochmd,2017-04-09,120,0.00155722272767732
549,enock4seth,iamenochmd,2017-05-10,20,0.0026330765560833
550,enock4seth,kantwi,2017-03-23,10141,0.00461413923853289
551,enock4seth,kantwi,2017-04-09,536317,0.0022878219827004
552,enock4seth,kantwi,2017-05-10,121472,0.0031177021171212
553,enock4seth,kwaku_boateng,2017-03-23,4,0.00168802039166127
554,enock4seth,kwaku_boateng,2017-04-09,120,0.00115831490242326
555,enock4seth,kwaku_boateng,2017-05-10,20,0.00172421549500534
556,enock4seth,pkodame,2017-03-23,11,0.00307849742381244
557,enock4seth,pkodame,2017-04-09,957,0.00760602874156242
558,enock4seth,pkodame,2017-05-10,160,0.00367342351165035
559,enock4seth,pkodame,2017-12-01,16,0.00272073952192972
560,enock4seth,wisniewskin,2017-06-04,47,0.00288615531631461
561,enock4seth,wisniewskin,2017-06-06,71,0.00231716070570703
562,enock4seth,wisniewskin,2017-06-07,48,0.0021472420768887
563,esmanov,hills95,2016-10-22,72,0.00107037339890386
564,esmanov,juliakleine,2016-10-07,40,0.00121703764528782
565,esmanov,juliakleine,2016-10-22,16965,0.00177422689067585
566,esmanov,nababi tracy,2016-10-21,28511,0.00140634528932366
567,esmanov,nabulo carol,2016-10-22,47,0.00112142988944323
568,esmanov,patrick etomet,2016-01-22,177,0.00105598520978802
569,esmanov,patrick etomet,2016-01-26,5640,0.001580339726516
570,esther goga,lani_martin,2017-03-14,347,0.00487601582556461
571,esunget,lakwera,2017-02-07,7,0.00442843494242283
572,esunget,mugabi henry,2017-02-06,123,0.00208034722545133
573,esunget,shamillah,2017-02-07,8,0.0010800954779036
574,evlyn tumwah,juweni,2016-12-17,218,0.00118936949069498
575,evlyn tumwah,kaluba micheal,2017-02-06,15,0.00979842550562875
576,evlyn tumwah,klain890,2017-09-16,39,0.00103329728656387
577,evlyn tumwah,klain890,2017-09-21,2595,0.0029379045826652
578,evlyn tumwah,mugabi henry,2017-02-11,27,0.00112602848862198
579,evlyn tumwah,prosper1994,2016-12-17,12,0.00123037808462286
580,eyevan,hills95,2017-02-12,276,0.00164216947321409
581,eyevan,hills95,2017-09-21,16425,0.00246628869305175
582,eyevan,kombe1207,2017-02-11,8,0.0082339178394259
583,eyevan,nababi tracy,2017-02-12,981,0.00407802617184045
584,eyevan,nabulo carol,2017-02-12,389,0.0024068226147133
585,fabio cattaneo,judithkamugisha,2017-03-21,16,0.00124558776721187
586,farydh,hills95,2016-12-22,1040,0.00309148800813777
587,farydh,nababi tracy,2016-12-17,416,0.00188138033718854
588,farydh,nababi tracy,2016-12-22,220,0.00348509331827497
589,fliant,hills95,2017-04-08,1072,0.00192309714075273
590,fliant,hills95,2017-04-11,79468,0.00836024076098124
591,fliant,hills95,2017-04-12,272,0.00194591328641087
592,fliant,hills95,2017-04-30,50099,0.00156717082019145
593,fliant,nababi tracy,2017-04-08,14148,0.00260089922481959
594,fliant,nabulo carol,2017-04-05,2959,0.00155760303078275
595,fliant,naturinda,2017-04-05,59,0.00100868219970569
596,fliant,naturinda,2017-04-26,298,0.00100990793958413
597,fliant,prosper1994,2017-04-11,3703,0.00451051308552741
598,fliant,siima,2017-04-05,10648,0.00208566705895142
599,fliant,siima,2017-04-06,3147,0.00105343808003023
600,fliant,siima,2017-04-26,1340,0.00281761306099781
601,fliant,tars4815,2017-04-05,7133,0.00134046822496978
602,frafra,hills95,2017-05-19,1759,0.00113545685182305
603,francal,hills95,2017-02-10,217,0.00106852403315356
604,gaurab basnet,jpierel14,2016-07-22,532,0.00290737494566512
605,gaurab basnet,rasouth,2016-06-25,25,0.00129617009195629
606,gaurab basnet,tomm4,2016-06-25,4,0.00105208888424573
607,godenfiles,hills95,2017-02-12,2602,0.00264029058362442
608,godenfiles,nabulo carol,2017-02-12,33,0.001034438695654
609,har9075,judithkamugisha,2016-09-23,178,0.00109910146202772
610,har9075,naturinda,2016-10-04,337,0.00106765276415173
611,hills95,ingrid k,2016-12-17,11,0.00105411879982921
612,hills95,jkalz,2017-10-10,1,0.00105161747673966
613,hills95,judithkamugisha,2016-01-11,5,0.00121654596420982
614,hills95,judithkamugisha,2016-09-02,20,0.00419654563036856
615,hills95,judithkamugisha,2016-10-22,249,0.00100606246604439
616,hills95,judithkamugisha,2016-10-29,336,0.00149869035330745
617,hills95,judithkamugisha,2017-02-13,192,0.00192166594234957
618,hills95,judithkamugisha,2017-03-17,32,0.0139795547880754
619,hills95,judithkamugisha,2017-03-24,32,0.00178827632489695
620,hills95,judithkamugisha,2017-03-26,10204,0.00288757229760314
621,hills95,judithkamugisha,2017-04-11,10029,0.00144215904387931
622,hills95,judithkamugisha,2017-04-12,2600,0.00279633246785659
623,hills95,judithkamugisha,2017-06-20,5400976,0.00145082203070565
624,hills95,judithkamugisha,2017-07-21,954,0.00109019176676229
625,hills95,judithkamugisha,2017-08-07,22312,0.00285829737747549
626,hills95,judithkamugisha,2017-08-08,557,0.00111243731728858
627,hills95,judithkamugisha,2017-08-09,3152,0.00527165020868977
628,hills95,judithkamugisha,2017-09-13,35291,0.00218799501381596
629,hills95,judithkamugisha,2017-10-11,8289,0.00645131832651416
630,hills95,juliakleine,2016-10-21,2880,0.00106363000181048
631,hills95,juliakleine,2016-10-22,44099,0.00211710130855982
632,hills95,juliakleine,2016-10-29,949,0.00112871161944516
633,hills95,juweni,2017-03-08,37434,0.00222469851993391
634,hills95,juweni,2017-03-16,10693,0.00245962678268456
635,hills95,juweni,2017-03-19,5536,0.00170174768614934
636,hills95,juweni,2017-03-26,8620,0.00707945272749569
637,hills95,juweni,2017-04-11,6068,0.00119267523330986
638,hills95,juweni,2017-04-12,4317,0.00123475071801881
639,hills95,juweni,2017-06-12,132803,0.00267432670497383
640,hills95,juweni,2017-06-15,9101,0.00193516784527242
641,hills95,juweni,2017-06-20,10405,0.0013989115220284
642,hills95,juweni,2017-06-23,24153,0.0018200403850488
643,hills95,juweni,2017-06-24,42422,0.00149083559844014
644,hills95,juweni,2017-07-16,1664,0.0011419118583569
645,hills95,juweni,2017-07-24,9435,0.00187427639763006
646,hills95,juweni,2017-08-02,5948,0.00191778608247505
647,hills95,juweni,2017-08-04,39175,0.0019843194485534
648,hills95,juweni,2017-08-05,225,0.00142050091955322
649,hills95,juweni,2017-08-07,19972,0.00180814453022548
650,hills95,juweni,2017-08-08,704,0.00209462300165607
651,hills95,juweni,2017-08-09,1195,0.00237388030199267
652,hills95,kaluba micheal,2017-02-09,98,0.00110505918007641
653,hills95,kaluba micheal,2017-02-24,4,0.0151932125668194
654,hills95,kaluba micheal,2017-06-13,28,0.00148053522762731
655,hills95,kaluba micheal,2017-09-11,9120,0.0014909722679104
656,hills95,kaluba micheal,2017-09-13,1417,0.00131273434802673
657,hills95,kaluba micheal,2017-09-16,8939,0.00136931825654763
658,hills95,kaluba micheal,2017-09-18,95,0.00135564694296635
659,hills95,kaluba micheal,2017-09-20,455,0.00125651444500179
660,hills95,kaluba micheal,2017-09-22,209,0.00213048250649643
661,hills95,kaluba micheal,2017-10-06,442,0.0030599837830782
662,hills95,kaluba micheal,2017-10-07,2139,0.0023390399645706
663,hills95,kaluba micheal,2017-10-08,4876,0.00140483970707446
664,hills95,kaluba micheal,2017-10-09,93,0.0016668597593044
665,hills95,kaluba micheal,2017-10-10,53,0.00114996321080906
666,hills95,kaluba micheal,2017-10-11,368,0.0118021129269448
667,hills95,kiggudde,2016-12-23,5,0.00308196108936558
668,hills95,kiggudde,2016-12-24,35,0.00137237383764507
669,hills95,kiggudde,2017-02-08,180,0.0012412523722691
670,hills95,kiggudde,2017-02-10,216,0.0038104407285512
671,hills95,kiggudde,2017-03-04,1809,0.00249493830793542
672,hills95,kiggudde,2017-06-20,16567,0.0155564697627984
673,hills95,kiggudde,2017-07-21,49,0.00101622411896038
674,hills95,kiggudde,2017-07-23,133,0.00108727129763736
675,hills95,kiggudde,2017-09-11,11777,0.00197692761238938
676,hills95,kiggudde,2017-09-12,2374,0.0019313338142594
677,hills95,kiggudde,2017-09-14,18302,0.00144256552487949
678,hills95,kiggudde,2017-09-16,99584,0.0018483578127021
679,hills95,kiggudde,2017-09-18,19333,0.00256236291109535
680,hills95,kiggudde,2017-09-20,4155,0.00231025297166808
681,hills95,kiggudde,2017-09-22,13767,0.00190878913140559
682,hills95,kiggudde,2017-09-23,2931,0.00162853681340712
683,hills95,kiggudde,2017-10-07,4332,0.00224989019993164
684,hills95,kiggudde,2017-10-08,21505,0.00167933064529111
685,hills95,kiggudde,2017-10-10,40,0.00135266787817032
686,hills95,kiggudde,2017-10-11,144,0.00122398769032915
687,hills95,kirbyk,2016-09-07,64516,0.00208950533618421
688,hills95,klain890,2017-09-11,212425,0.00160601721622194
689,hills95,klain890,2017-09-12,10647,0.00160099480119527
690,hills95,klain890,2017-09-14,41363,0.00165118085540666
691,hills95,klain890,2017-09-15,506,0.00131871444055482
692,hills95,klain890,2017-09-16,4207,0.00219685681362074
693,hills95,klain890,2017-09-18,221171,0.0014681478074147
694,hills95,klain890,2017-09-20,2376,0.00153339264390558
695,hills95,klain890,2017-09-21,32428,0.00277929545196957
696,hills95,klain890,2017-09-22,153450,0.00327113929433035
697,hills95,klain890,2017-09-23,253012,0.00179718350804548
698,hills95,klain890,2017-10-06,1022,0.00274330335264881
699,hills95,klain890,2017-10-07,210,0.00118643046464544
700,hills95,klain890,2017-10-08,27264,0.00138131572243489
701,hills95,klain890,2017-10-10,105,0.00137071512948002
702,hills95,klain890,2017-10-11,68,0.00198978935976401
703,hills95,kombe1207,2017-02-09,46,0.00140898146115799
704,hills95,kombe1207,2017-02-12,130,0.0124289725024287
705,hills95,kombe1207,2017-03-04,66,0.00146327086765489
706,hills95,kyasiikane jorun,2016-10-22,72,0.00146353761817493
707,hills95,kyasiikane jorun,2016-10-29,3,0.00102540579819278
708,hills95,kylerallen,2016-09-07,110424,0.00229916839221546
709,hills95,lani_martin,2017-06-26,45995,0.00226659087852523
710,hills95,manirakiza moses,2017-02-09,120,0.00116064105984274
711,hills95,manirakiza moses,2017-09-11,1,0.00112878947389893
712,hills95,manirakiza moses,2017-10-11,1,0.00110513383817444
713,hills95,michaels bus,2017-02-10,208,0.00113339658504567
714,hills95,mugabi henry,2017-02-09,391,0.00229335313780338
715,hills95,mugabi henry,2017-02-10,88,0.0010605221685805
716,hills95,mugabi henry,2017-02-24,57,0.00313355995805447
717,hills95,mugabi henry,2017-09-13,1,0.00101081957112365
718,hills95,mugabi henry,2017-09-16,27171,0.00296295158910817
719,hills95,mugabi henry,2017-09-18,6902,0.00474535503404505
720,hills95,mugabi henry,2017-09-20,52,0.00176159750481246
721,hills95,mugabi henry,2017-09-22,544,0.00124694984790632
722,hills95,mugabi henry,2017-09-23,67,0.0042789921153922
723,hills95,mugabi henry,2017-10-06,275,0.00620782248424817
724,hills95,mugabi henry,2017-10-07,512,0.00197688719009326
725,hills95,mugabi henry,2017-10-08,1092,0.00437980570082214
726,hills95,mugabi henry,2017-10-09,144,0.00164479436049536
727,hills95,mugabi henry,2017-10-10,1,0.00100412428167468
728,hills95,mugabi henry,2017-10-11,918,0.00197503193391709
729,hills95,musawo,2017-01-10,69,0.00133816406595141
730,hills95,musawo,2017-01-11,694,0.00246329358517945
731,hills95,musawo,2017-02-12,6,0.00379268802094895
732,hills95,musawo,2017-09-12,267,0.0011892032211471
733,hills95,musawo,2017-09-20,319,0.004142570149547
734,hills95,naturinda,2016-01-09,81,0.00184788501984856
735,hills95,naturinda,2016-01-10,1,0.00107838720866306
736,hills95,naturinda,2016-01-11,44,0.00135708864960361
737,hills95,naturinda,2017-02-12,2076,0.00278606107852811
738,hills95,naturinda,2017-02-16,128,0.00305171139634361
739,hills95,naturinda,2017-02-21,199,0.00118767598220156
740,hills95,naturinda,2017-03-08,35817,0.00306203689140682
741,hills95,naturinda,2017-03-17,6784,0.00222901805274558
742,hills95,naturinda,2017-03-24,367,0.00142681751641967
743,hills95,naturinda,2017-03-26,12809,0.00173612088530323
744,hills95,naturinda,2017-04-13,6205,0.00245512235240768
745,hills95,naturinda,2017-04-20,19584,0.004482557067363
746,hills95,naturinda,2017-06-20,1162708,0.00166631426230913
747,hills95,naturinda,2017-07-03,12,0.00106523369553871
748,hills95,naturinda,2017-07-21,3755,0.00173100113126335
749,hills95,naturinda,2017-08-05,38472,0.00206482826741952
750,hills95,naturinda,2017-08-07,3282,0.00112131107379741
751,hills95,naturinda,2017-08-08,736,0.00107246105307699
752,hills95,naturinda,2017-09-13,12811,0.00115251159622872
753,hills95,nawinecoff,2017-03-30,8540,0.00256417664502408
754,hills95,nawinecoff,2017-04-17,560,0.00149833554354775
755,hills95,netondo,2017-02-07,10,0.0072124117151006
756,hills95,osm ebenezer,2016-10-29,120,0.00349259156676724
757,hills95,patrick etomet,2016-09-03,6,0.00623854066502031
758,hills95,patrick etomet,2016-09-07,9652,0.00152832037127553
759,hills95,patrick etomet,2016-10-21,4153,0.00111623959717112
760,hills95,patrick etomet,2016-10-22,2904,0.00465635826190602
761,hills95,patrick etomet,2016-12-24,32,0.00101176416982226
762,hills95,pkodame,2017-06-16,208,0.00132093103207764
763,hills95,premson,2016-10-22,60,0.00129395354028133
764,hills95,prosper1994,2016-10-22,24846,0.00169486039178841
765,hills95,prosper1994,2016-10-29,17477,0.0017193836696572
766,hills95,prosper1994,2016-12-23,767,0.00205425084844539
767,hills95,prosper1994,2016-12-24,3789,0.00129820734167925
768,hills95,prosper1994,2017-02-07,228,0.00111661769965207
769,hills95,prosper1994,2017-02-10,13,0.00140154732023938
770,hills95,prosper1994,2017-02-12,755,0.00602555259998075
771,hills95,prosper1994,2017-03-08,400,0.00158899650369116
772,hills95,prosper1994,2017-03-17,128,0.00166743795424851
773,hills95,prosper1994,2017-04-09,4320,0.00189842735686936
774,hills95,prosper1994,2017-06-23,240,0.00108944747164995
775,hills95,prosper1994,2017-07-20,256,0.00107505708486792
776,hills95,prosper1994,2017-07-24,1836,0.00247359982665407
777,hills95,prosper1994,2017-08-02,9832,0.0016514926650164
778,hills95,prosper1994,2017-08-04,62515,0.00207818348612227
779,hills95,prosper1994,2017-08-08,208,0.00879426971482749
780,hills95,prosper1994,2017-08-09,1776,0.00406066231527596
781,hills95,prosper1994,2017-08-13,26810,0.00220463888058774
782,hills95,prosper1994,2017-08-15,1312,0.00717584098343549
783,hills95,richard dalmat,2017-02-10,2,0.00445282266379728
784,hills95,shamillah,2017-02-10,125,0.00132564795260812
785,hills95,shamillah,2017-02-24,28,0.0114781629475111
786,hills95,shamillah,2017-06-20,1448,0.00658570859735147
787,hills95,shamillah,2017-09-11,222832,0.00268407663040715
788,hills95,shamillah,2017-09-12,50904,0.00243191547013532
789,hills95,shamillah,2017-09-13,8752,0.00149789752585809
790,hills95,shamillah,2017-09-14,3342,0.00359312673334801
791,hills95,shamillah,2017-09-15,57354,0.00197336380039698
792,hills95,shamillah,2017-09-16,107506,0.00221335848355244
793,hills95,shamillah,2017-09-18,183280,0.0024606135013514
794,hills95,shamillah,2017-09-20,12,0.00148470756716047
795,hills95,shamillah,2017-09-22,23,0.0022838867285183
796,hills95,shamillah,2017-09-23,9212,0.00508384356677304
797,hills95,shamillah,2017-10-05,20,0.00105583009044323
798,hills95,shamillah,2017-10-06,163,0.00218861132608495
799,hills95,shamillah,2017-10-07,294,0.00114208622462787
800,hills95,shamillah,2017-10-08,27304,0.00266782622819891
801,hills95,shamillah,2017-10-10,497,0.0018934402066785
802,hills95,shamillah,2017-10-11,328,0.00118357158978155
803,hills95,siima,2016-01-09,36,0.00119072782853309
804,hills95,siima,2016-01-11,28,0.00138767547884981
805,hills95,siima,2016-09-02,27,0.00625174178629675
806,hills95,siima,2016-12-17,62768,0.00247545740665943
807,hills95,siima,2016-12-24,335,0.00109711269407013
808,hills95,siima,2017-02-12,2709,0.00153493909112407
809,hills95,siima,2017-02-16,272,0.00154353890887757
810,hills95,siima,2017-02-23,1228,0.00133509736912979
811,hills95,siima,2017-03-02,416,0.0304977991480487
812,hills95,siima,2017-03-04,75,0.00113338211164477
813,hills95,siima,2017-03-08,70722,0.00190863608874361
814,hills95,siima,2017-03-17,978,0.00112105032073497
815,hills95,siima,2017-03-19,14736,0.00155778722931447
816,hills95,siima,2017-03-24,347,0.0015312556698962
817,hills95,siima,2017-03-26,16672,0.00340210446962853
818,hills95,siima,2017-04-20,26112,0.00461487966526988
819,hills95,siima,2017-06-20,547891,0.00125251552516739
820,hills95,siima,2017-07-17,7276,0.00202941061639464
821,hills95,siima,2017-07-19,16780,0.00161693994709498
822,hills95,siima,2017-07-20,12373,0.00125924193062881
823,hills95,siima,2017-07-21,23262,0.00151024894647789
824,hills95,siima,2017-09-13,4128,0.00143312253181509
825,hills95,smart d,2016-10-21,5,0.00166120343066728
826,hills95,tars4815,2017-03-26,4199,0.00202782142303651
827,hills95,tars4815,2017-04-14,3609,0.00134083689310344
828,hills95,tomm4,2017-06-04,48,0.00527306930753081
829,hills95,yusuf hamba,2017-02-10,1,0.00100397339328108
830,iamenochmd,kantwi,2016-11-19,3077,0.00590011667649578
831,ingrid k,nababi tracy,2016-12-22,1771,0.00143519017876427
832,ingrid k,patrick etomet,2016-01-20,135,0.00302760150873645
833,ingrid k,prosper1994,2017-03-03,39,0.00427829862071143
834,jabahum,juliakleine,2016-10-22,1326,0.00161417892966469
835,jabahum,nababi tracy,2017-02-11,90,0.00790525860062496
836,jabahum,nabulo carol,2017-02-11,5,0.00141280095920271
837,jaime mclaurin,yukiejiang,2016-11-03,10559,0.00132709371331371
838,jmobrien,rasouth,2016-07-07,18086,0.00132873229616681
839,jpgehringer5,judithkamugisha,2016-09-07,912,0.00180682716500405
840,jpgehringer5,juliakleine,2016-09-23,32,0.00118999759018799
841,jpgehringer5,kantwi,2016-09-07,1584,0.00529624515962204
842,jpgehringer5,kiggudde,2016-09-23,28,0.00188600087172657
843,jpgehringer5,kirbyk,2016-09-23,174,0.00117312611614781
844,jpgehringer5,smart d,2016-09-23,4,0.00114702789375936
845,jpgehringer5,wisniewskin,2016-09-07,777,0.00118660223680982
846,jpierel14,kiggudde,2016-11-19,168,0.00191273936535753
847,jpierel14,kuberm,2016-07-07,5303,0.00154724110733073
848,jtodd38000,kiggudde,2016-09-16,48,0.00108668628781126
849,jtodd38000,wisniewskin,2016-09-16,96,0.00168462776323531
850,judithkamugisha,juweni,2017-03-08,1100,0.00140425734735729
851,judithkamugisha,juweni,2017-03-26,4395,0.00225803583588535
852,judithkamugisha,juweni,2017-04-07,34240,0.00270989933341848
853,judithkamugisha,juweni,2017-04-11,12104,0.0039393771317992
854,judithkamugisha,juweni,2017-04-12,1330,0.00132705318016004
855,judithkamugisha,juweni,2017-06-20,867,0.00152482185197138
856,judithkamugisha,klain890,2017-08-29,187209,0.00160230130763334
857,judithkamugisha,m alejo,2017-03-21,1477,0.00496583082643625
858,judithkamugisha,michael montani,2017-03-10,19492,0.00173988186112867
859,judithkamugisha,michael montani,2017-03-21,448,0.0139349175489591
860,judithkamugisha,nababi tracy,2017-03-07,1391,0.00127994292995489
861,judithkamugisha,nababi tracy,2017-03-31,432,0.00175926531488886
862,judithkamugisha,nababi tracy,2017-04-07,47176,0.00216076172924464
863,judithkamugisha,nababi tracy,2017-04-08,35363,0.00276418346483055
864,judithkamugisha,nababi tracy,2017-04-12,182,0.00100553288703501
865,judithkamugisha,nabulo carol,2016-01-19,158,0.00254402671216011
866,judithkamugisha,nabulo carol,2017-03-08,17732,0.00222279913023608
867,judithkamugisha,nabulo carol,2017-03-21,3488,0.00192860584607371
868,judithkamugisha,nabulo carol,2017-03-26,525,0.00111464587550475
869,judithkamugisha,nabulo carol,2017-06-20,16595007,0.00130570161324804
870,judithkamugisha,patrick etomet,2016-01-22,44247,0.00397194578036644
871,judithkamugisha,patrick etomet,2016-01-26,7182,0.00321348042793229
872,judithkamugisha,patrick etomet,2016-02-07,342,0.00125205601303194
873,judithkamugisha,prosper1994,2016-10-07,2597,0.00105592611260203
874,judithkamugisha,prosper1994,2017-02-13,102,0.00109044086468989
875,judithkamugisha,prosper1994,2017-03-22,3079,0.00159027838744416
876,judithkamugisha,prosper1994,2017-04-07,12306,0.00385984587572429
877,judithkamugisha,prosper1994,2017-04-09,56783,0.00226587337186657
878,judithkamugisha,shamillah,2017-06-20,344,0.00299673788075505
879,judithkamugisha,tars4815,2017-03-26,2202,0.00265870868550601
880,judithkamugisha,tars4815,2017-03-29,2125,0.00179103878054592
881,judithkamugisha,tars4815,2017-04-05,296,0.00252148358233643
882,judithkamugisha,tars4815,2017-04-07,6480,0.00197651865077573
883,judithkamugisha,tars4815,2017-04-09,36252,0.00150885642521034
884,juliakleine,kiggudde,2016-10-25,85,0.00108052068056059
885,juliakleine,kiggudde,2016-11-11,1,0.00108867636563548
886,juliakleine,kiggudde,2016-11-19,619,0.00150949194156692
887,juliakleine,kiggudde,2016-11-23,21,0.00156782275630932
888,juliakleine,lorenzostucchi,2017-02-02,480,0.00117145878048634
889,juliakleine,mandyw,2016-11-23,7,0.00185241337240364
890,juliakleine,nababi tracy,2016-11-19,279,0.00114598869674414
891,juliakleine,nabulo carol,2016-10-25,398,0.00115994598643878
892,juliakleine,nabulo carol,2016-11-17,116,0.00113786938059408
893,juliakleine,nabulo carol,2016-11-18,1292,0.00119250788390498
894,juliakleine,nabulo carol,2016-11-23,240,0.00128409984224321
895,juliakleine,nawinecoff,2016-10-17,2567,0.00144128831441004
896,juliakleine,patrick etomet,2016-11-11,1265,0.00121027027074774
897,juliakleine,patrick etomet,2016-11-17,415,0.00113867130627209
898,juliakleine,patrick etomet,2016-11-18,1400,0.00118632891392589
899,juliakleine,smart d,2016-11-11,26,0.00105924627993451
900,juliakleine,solution oriented,2017-03-01,81976,0.00127191157062245
901,juweni,nababi tracy,2016-12-17,3685,0.00124517311509997
902,juweni,nababi tracy,2016-12-18,207,0.00122156683890922
903,juweni,nabulo carol,2017-03-08,2420,0.00119713949867136
904,juweni,nabulo carol,2017-03-09,6970,0.00170997158880946
905,juweni,nabulo carol,2017-03-16,1532,0.00195310828133503
906,juweni,nabulo carol,2017-06-12,622802,0.00259959520366776
907,juweni,nabulo carol,2017-06-13,10771,0.00163891149815418
908,juweni,nabulo carol,2017-06-14,330788,0.00224311885271849
909,juweni,nabulo carol,2017-06-16,14892,0.00201218297001314
910,juweni,nabulo carol,2017-06-20,32032,0.00215565398895285
911,juweni,naturinda,2017-03-09,7925,0.00338690760528874
912,juweni,naturinda,2017-03-16,259,0.00108895614850565
913,juweni,naturinda,2017-03-20,2186,0.00150963811885317
914,juweni,naturinda,2017-03-27,2243,0.00128076561182843
915,juweni,naturinda,2017-03-28,4209,0.00270559555071306
916,juweni,naturinda,2017-03-29,1860,0.0190788734258681
917,juweni,naturinda,2017-04-04,46094,0.00208032671302023
918,juweni,naturinda,2017-04-11,1623,0.00102868684748473
919,juweni,prosper1994,2016-12-18,2050,0.00150208003742917
920,juweni,prosper1994,2017-03-08,784,0.00344979613825567
921,juweni,prosper1994,2017-04-11,408,0.00103810423805772
922,juweni,siima,2016-12-17,80802,0.00145624378312775
923,juweni,siima,2016-12-18,2233,0.00389525058144383
924,juweni,siima,2017-03-08,112,0.00131855306092772
925,juweni,siima,2017-03-09,13461,0.00172924948250544
926,juweni,siima,2017-03-20,5628,0.00331599281198902
927,juweni,siima,2017-03-27,11260,0.00435495917404182
928,juweni,siima,2017-03-29,8580,0.00211819932008834
929,juweni,siima,2017-04-04,2728,0.00692083809040222
930,juweni,tars4815,2017-03-29,1805,0.00163353430054169
931,kaitlynh,nandjo,2017-04-20,25,0.00175091754901822
932,kaitlynh,rcampbe1,2016-11-17,349,0.00111418961111196
933,kaluba micheal,kiggudde,2017-09-14,9,0.00114516925940297
934,kaluba micheal,kiggudde,2017-09-19,443,0.00182181355997395
935,kaluba micheal,kiggudde,2017-09-20,1201,0.00241901798208558
936,kaluba micheal,nababi tracy,2017-02-08,7,0.00100943442838836
937,kaluba micheal,nababi tracy,2017-02-12,84,0.00856521606462476
938,kaluba micheal,nabulo carol,2017-02-08,35,0.00106831056060535
939,kaluba micheal,nabulo carol,2017-02-12,531,0.00129909066414546
940,kaluba micheal,nabulo carol,2017-02-13,65,0.0087668682857828
941,kaluba micheal,nabulo carol,2017-06-13,711,0.00201030069382379
942,kantwi,kwaku_boateng,2016-10-26,910,0.00179908176878785
943,kantwi,kwaku_boateng,2016-10-29,1007,0.00199861499149129
944,kantwi,kwaku_boateng,2016-11-02,1000,0.00180573380941845
945,kantwi,kwaku_boateng,2016-11-03,535,0.00216947965609916
946,kantwi,kwaku_boateng,2016-11-25,1739,0.00231501139247172
947,kantwi,kwaku_boateng,2016-12-07,1,0.0617344975549194
948,kantwi,pkodame,2016-10-19,159,0.0192849895146751
949,kantwi,pkodame,2016-10-26,7280,0.00427400065224404
950,kantwi,pkodame,2016-10-29,8056,0.0025818314036912
951,kantwi,pkodame,2016-11-02,3608,0.00553892760789963
952,kantwi,pkodame,2016-11-03,1070,0.00426360325105769
953,kantwi,pkodame,2016-11-25,2793,0.00352878423829623
954,kantwi,pkodame,2016-11-30,482,0.00159543188989465
955,kantwi,pkodame,2016-12-07,439,0.0326018227864685
956,kiggudde,klain890,2017-08-29,3163,0.0015065011861802
957,kiggudde,klain890,2017-09-14,10,0.00189828526252915
958,kiggudde,klain890,2017-09-15,774,0.00130482286592205
959,kiggudde,klain890,2017-09-26,15,0.00114331966670254
960,kiggudde,markusauers,2016-09-14,1933,0.00116826159470804
961,kiggudde,markusauers,2016-09-15,14770,0.00131121847329956
962,kiggudde,mugabi henry,2017-09-14,96,0.00230823564577236
963,kiggudde,mugabi henry,2017-09-26,42,0.00816916495308426
964,kiggudde,nababi tracy,2016-10-12,544,0.00353517784363809
965,kiggudde,nababi tracy,2016-10-17,417,0.00118967658881582
966,kiggudde,nababi tracy,2016-10-19,268,0.002284956657929
967,kiggudde,nababi tracy,2017-02-09,144,0.00653129517685945
968,kiggudde,nabulo carol,2016-01-16,377,0.00439336195571236
969,kiggudde,nabulo carol,2016-09-17,52,0.00101401722017124
970,kiggudde,nabulo carol,2016-10-14,4823,0.00167750336459101
971,kiggudde,nabulo carol,2016-10-18,9078,0.00234233577083857
972,kiggudde,nabulo carol,2016-10-20,180,0.00145561236724215
973,kiggudde,nabulo carol,2017-02-09,4,0.00106314480154472
974,kiggudde,nawinecoff,2016-09-15,1243,0.00113022757459559
975,kiggudde,patrick etomet,2016-09-17,39,0.00104398080819047
976,kiggudde,patrick etomet,2016-09-23,11752,0.00184945036904708
977,kiggudde,patrick etomet,2016-10-17,155,0.00110207720210811
978,kiggudde,patrick etomet,2016-12-22,10,0.00148626963829692
979,kiggudde,prosper1994,2016-12-23,207,0.0196487491509294
980,kiggudde,reeseray789,2016-09-30,450,0.00140104512204595
981,kiggudde,seancurran,2016-09-14,159,0.00178143222442211
982,kiggudde,sekcore,2016-10-14,398,0.00132828030016827
983,kiggudde,shamillah,2017-09-26,173,0.00195453054761433
984,kiggudde,smart d,2016-09-15,436,0.00104294270802713
985,kiggudde,smart d,2016-09-28,4,0.00187420081934739
986,kiggudde,wisniewskin,2016-09-27,1646,0.00146110686729688
987,kiggudde,yukiejiang,2016-10-14,205,0.00341910227487807
988,kilsedar,naturinda,2017-03-10,320,0.0138194119882732
989,kilsedar,prosper1994,2017-03-10,10,0.00100201671356811
990,kilsedar,siima,2017-03-10,16,0.00105227947315866
991,kirbyk,patrick etomet,2016-09-08,11176,0.00337717091798529
992,klain890,wava stella,2017-10-10,1,0.00251842362524161
993,kombe1207,lani_martin,2017-03-06,40,0.0012468243754542
994,kombe1207,lowenz,2017-03-13,2,0.00740306419692088
995,kombe1207,nababi tracy,2016-09-14,18365,0.00164827002346615
996,kombe1207,nababi tracy,2017-03-13,478,0.00433343189154307
997,kombe1207,nababi tracy,2017-03-15,12,0.00101833211563723
998,kombe1207,nababi tracy,2017-03-16,27,0.0281987541447047
999,kombe1207,nabulo carol,2017-03-15,99,0.00151911791227023
1000,kombe1207,prosper1994,2017-03-13,39,0.00466024162629278
1001,kombe1207,prosper1994,2017-03-15,18,0.0131207356289189
1002,kombe1207,siima,2016-09-14,22958,0.00238642098109657
1003,kwaku_boateng,prosper1994,2017-03-20,7,0.0733237531332073
1004,kwaku_boateng,prosper1994,2017-04-06,216,0.00171275897414548
1005,kwaku_boateng,tars4815,2017-04-06,1613,0.00292985464873053
1006,kyasiikane jorun,nabulo carol,2016-10-22,563,0.00113241044686298
1007,kyasiikane jorun,prosper1994,2016-10-22,918,0.00135535058767901
1008,kylerallen,nababi tracy,2016-09-21,120,0.00103924581738633
1009,kylerallen,nababi tracy,2016-09-22,433,0.00104078741949282
1010,kylerallen,nawinecoff,2016-09-08,6573,0.00265003341052933
1011,kylerallen,nawinecoff,2016-09-15,324,0.00173957216870949
1012,kylerallen,nawinecoff,2016-09-21,404,0.00130886747416432
1013,kylerallen,osm bert,2016-09-28,870,0.00134488928938265
1014,kylerallen,osm bert,2016-10-03,6015,0.00181402001197897
1015,kylerallen,osm bert,2016-10-04,1344,0.00362322660995248
1016,kylerallen,osm bert,2016-10-05,128,0.00154671693133121
1017,kylerallen,osm bert,2016-10-07,2002,0.00141106750522692
1018,kylerallen,osm bert,2016-11-02,1504,0.0014195115761223
1019,kylerallen,osm bert,2016-11-03,1471,0.00113601894019305
1020,kylerallen,osm bert,2016-11-04,3202,0.00155750914635306
1021,kylerallen,patrick etomet,2016-09-21,3131,0.00117031682796187
1022,kylerallen,patrick etomet,2016-09-22,2198,0.00121679911691421
1023,kylerallen,pkodame,2016-09-28,3213,0.00163314052532933
1024,kylerallen,pkodame,2016-10-03,8429,0.00196481959377024
1025,kylerallen,pkodame,2016-10-04,1568,0.0026751319615185
1026,kylerallen,pkodame,2016-10-05,107,0.00120340972030088
1027,kylerallen,pkodame,2016-10-07,1360,0.00121158597920739
1028,kylerallen,pkodame,2016-11-02,1687,0.00345810196726921
1029,kylerallen,pkodame,2016-11-03,2008,0.00247527364728608
1030,kylerallen,pkodame,2016-11-04,1487,0.00564066299669876
1031,kylerallen,pkodame,2016-11-10,727,0.00715430356988601
1032,lakwera,nababi tracy,2016-12-17,30,0.00117334596706289
1033,lakwera,prosper1994,2016-12-17,158,0.00146592205472755
1034,lakwera,siima,2016-12-17,1083,0.00135768294770849
1035,lani_martin,mconant,2017-03-19,12,0.00103450259811655
1036,lani_martin,nabulo carol,2017-06-19,963558,0.0117001351255692
1037,lani_martin,rahinton,2017-03-20,1,0.00100468065585061
1038,lani_martin,rahinton,2017-04-04,4,0.00131387549322653
1039,lawot,mikew1123,2017-02-23,1306,0.00109629867340446
1040,lawot,mikew1123,2017-02-24,854,0.00111336096094348
1041,legendary1,nabulo carol,2016-09-30,10,0.00153983587581022
1042,lgoff,mad354,2016-04-29,1646,0.00116338699262641
1043,lowenz,nababi tracy,2017-02-08,161,0.00737043964567039
1044,lowenz,nabulo carol,2016-12-01,74,0.00255056406132695
1045,lowenz,naturinda,2016-12-01,9,0.00129430792966846
1046,lowenz,siima,2016-12-01,4,0.00107608205986169
1047,maddyrich,premson,2016-11-08,4874,0.00151497087382412
1048,manirakiza moses,nababi tracy,2017-02-12,1096,0.00783084221383472
1049,manirakiza moses,naturinda,2017-02-12,391,0.00171017421026419
1050,manirakiza moses,siima,2017-02-12,54,0.00107056552215432
1051,markusauers,nabulo carol,2016-09-22,2545,0.001094394541194
1052,markusauers,patrick etomet,2016-09-22,343,0.00315105654747506
1053,markusauers,tomm4,2016-09-15,64,0.00105430063455942
1054,mconant,naturinda,2016-09-15,974,0.00110174779416789
1055,michael montani,nabulo carol,2017-02-15,736,0.00123200794387462
1056,michael montani,nabulo carol,2017-03-21,6128,0.00145796769375716
1057,michael montani,siima,2017-03-10,8241,0.00122452157285367
1058,mikew1123,nawinecoff,2016-09-21,1149,0.00110021850660291
1059,mikew1123,smart d,2017-05-03,263,0.00156170663281926
1060,mikew1123,solution oriented,2017-03-02,145938,0.00184241380310656
1061,mikew1123,solution oriented,2017-03-09,325860,0.00123182603118687
1062,mugabi henry,nababi tracy,2017-02-12,413,0.00425196189814458
1063,mugabi henry,naturinda,2017-03-03,2,0.0771251839566459
1064,musawo,nababi tracy,2017-02-12,2,0.00111430383848926
1065,mwesigwa irene,tars4815,2017-04-07,2961,0.00735288942304609
1066,nababi tracy,naturinda,2016-01-11,60,0.00150667291701367
1067,nababi tracy,naturinda,2017-02-11,3523,0.00360296747274385
1068,nababi tracy,naturinda,2017-02-12,8204,0.00212558951755134
1069,nababi tracy,naturinda,2017-02-13,556,0.00661587512103572
1070,nababi tracy,naturinda,2017-02-17,640,0.00308978446079663
1071,nababi tracy,naturinda,2017-03-08,7205,0.00117471353903139
1072,nababi tracy,naturinda,2017-04-09,10368,0.00148502271461397
1073,nababi tracy,prosper1994,2016-12-17,1319,0.00148994649155159
1074,nababi tracy,prosper1994,2016-12-22,25164,0.0019296782288923
1075,nababi tracy,prosper1994,2016-12-23,10603,0.00187003153877423
1076,nababi tracy,prosper1994,2017-02-08,557,0.00107683452667708
1077,nababi tracy,prosper1994,2017-02-11,284,0.00555660847453005
1078,nababi tracy,prosper1994,2017-04-09,1749,0.00132059934895476
1079,nababi tracy,richard dalmat,2017-02-07,13,0.00105188699940142
1080,nababi tracy,siima,2016-12-17,28341,0.00197193788689357
1081,nababi tracy,siima,2017-02-11,8062,0.00128607710171726
1082,nababi tracy,siima,2017-02-12,4650,0.00110718726479358
1083,nababi tracy,siima,2017-02-13,1320,0.00121135390903057
1084,nababi tracy,siima,2017-02-16,6338,0.00463492730768893
1085,nababi tracy,siima,2017-02-17,65,0.00103790068795227
1086,nababi tracy,siima,2017-03-08,1381,0.00136462994625532
1087,nababi tracy,siima,2017-04-11,1328,0.00125263383271878
1088,nababi tracy,tars4815,2017-04-08,62234,0.00281911594878979
1089,nababi tracy,tars4815,2017-04-09,24742,0.00146401290979995
1090,nabulo carol,naturinda,2017-02-18,2178,0.00168570465081447
1091,nabulo carol,naturinda,2017-02-27,5479,0.00321660877146772
1092,nabulo carol,naturinda,2017-03-01,624,0.00284018455204077
1093,nabulo carol,naturinda,2017-03-03,946,0.00122858638946243
1094,nabulo carol,naturinda,2017-03-08,351,0.00111075398989296
1095,nabulo carol,naturinda,2017-03-16,12,0.00130403277787021
1096,nabulo carol,naturinda,2017-03-17,160,0.00137587840890048
1097,nabulo carol,naturinda,2017-03-27,1990,0.00185688212003144
1098,nabulo carol,naturinda,2017-03-31,608,0.00440685331273913
1099,nabulo carol,naturinda,2017-04-05,18493,0.00160187689922318
1100,nabulo carol,naturinda,2017-04-06,448,0.0012166877080414
1101,nabulo carol,naturinda,2017-04-08,1184,0.00142740426677939
1102,nabulo carol,naturinda,2017-06-20,124660,0.00105704108106955
1103,nabulo carol,netondo,2017-02-06,3,0.00102653760333859
1104,nabulo carol,pkodame,2017-03-07,162,0.0179414394113661
1105,nabulo carol,pkodame,2017-06-16,16,0.00645090056816997
1106,nabulo carol,prosper1994,2017-02-06,399,0.00140127146361409
1107,nabulo carol,prosper1994,2017-02-08,710,0.00126282295646023
1108,nabulo carol,prosper1994,2017-02-10,2025,0.00123613071113652
1109,nabulo carol,prosper1994,2017-02-13,1296,0.00206543600781165
1110,nabulo carol,prosper1994,2017-02-23,128,0.00130271019103402
1111,nabulo carol,prosper1994,2017-04-08,42788,0.00238927865578724
1112,nabulo carol,shamillah,2017-02-08,68,0.00132254278066577
1113,nabulo carol,shamillah,2017-02-10,22,0.00490050220783106
1114,nabulo carol,shamillah,2017-06-20,1257,0.00159498745118323
1115,nabulo carol,siima,2016-01-16,543,0.00663720128929434
1116,nabulo carol,siima,2017-02-16,4008,0.00150945098370522
1117,nabulo carol,siima,2017-03-02,12855,0.00848413033281652
1118,nabulo carol,siima,2017-03-03,2244,0.00300233283004359
1119,nabulo carol,siima,2017-03-07,1174,0.00104978517275372
1120,nabulo carol,siima,2017-03-08,36989,0.00136878936179811
1121,nabulo carol,siima,2017-03-13,46252,0.0013174280441199
1122,nabulo carol,siima,2017-03-20,223,0.00101128965882438
1123,nabulo carol,siima,2017-03-27,704,0.00178463795174168
1124,nabulo carol,siima,2017-03-30,384,0.00555258051271997
1125,nabulo carol,siima,2017-04-05,8833,0.00154719337941265
1126,nabulo carol,siima,2017-04-06,6313,0.00113734272444767
1127,nabulo carol,siima,2017-04-08,14592,0.00600051959040744
1128,nabulo carol,tars4815,2017-04-05,759,0.00111849699204602
1129,nabulo carol,tars4815,2017-04-08,104328,0.00306379493877669
1130,namu derrico,prosper1994,2017-02-07,105,0.00136661341217046
1131,namu derrico,yusuf hamba,2017-02-07,160,0.00248591461838296
1132,naturinda,nawinecoff,2017-04-17,2304,0.00382425765608831
1133,naturinda,okwang stephen,2017-02-17,37976,0.00123208893645905
1134,naturinda,patrick etomet,2016-01-22,1159,0.00106577291364728
1135,naturinda,prosper1994,2017-03-11,464,0.00213121795350763
1136,naturinda,shamillah,2017-06-20,368,0.00121121340931159
1137,naturinda,tars4815,2017-03-27,208,0.00339584629665903
1138,naturinda,tars4815,2017-03-29,2176,0.00188184591221169
1139,naturinda,tars4815,2017-04-05,888,0.00141144877008847
1140,nawinecoff,wisniewskin,2016-09-23,322,0.00104199986545128
1141,nelsonoaks,wisniewskin,2017-02-23,248,0.00325304798796871
1142,nelsonoaks,wisniewskin,2017-02-24,10655,0.00218779417578727
1143,netondo,tukei,2017-02-08,586,0.00183499509659011
1144,olatubosun,tomm4,2017-08-13,778,0.00115179676791984
1145,olatubosun,usefulness,2017-09-23,622,0.0017832533284157
1146,olatubosun,usefulness,2017-09-25,11,0.00223948751691409
1147,osm ebenezer,prosper1994,2016-09-30,2597,0.00277621661373976
1148,patrick etomet,pluna1,2016-09-13,5748,0.0014541525732307
1149,patrick etomet,siima,2016-02-03,22,0.0026692775458772
1150,patrick etomet,siima,2016-12-17,6636,0.0198247743961349
1151,patrick etomet,wisniewskin,2016-09-13,504,0.00106444070686208
1152,pluna1,smart d,2016-09-22,149,0.00164070357596058
1153,pluna1,tomm4,2016-09-22,18,0.00100209866110341
1154,prosper1994,siima,2016-12-17,15930,0.00150936892656869
1155,prosper1994,siima,2017-03-08,1648,0.00162193760446837
1156,prosper1994,siima,2017-03-20,2688,0.00301292155126969
1157,prosper1994,tars4815,2017-04-07,19893,0.00208713527152744
1158,prosper1994,tars4815,2017-04-08,16697,0.00166677939414518
1159,prosper1994,vickiemorine,2017-02-09,274,0.00120544365727836
1160,prosper1994,vickiemorine,2017-02-11,1206,0.00296272521348021
1161,rcampbe1,solution oriented,2016-11-18,13,0.00111375238309729
1162,ryanleethomas,tomm4,2016-09-08,9420,0.0012277427398097
1163,ryanleethomas,tomm4,2016-09-22,4291,0.00135032522934999
1164,salami haruna olalekan,wisniewskin,2017-03-10,4538,0.0019450088978008
1165,seancurran,tomm4,2016-09-08,37290,0.00151004249921877
1166,sekcore,yukiejiang,2016-11-03,15607,0.00148204578227455
1167,shamillah,tukei,2017-02-08,98,0.00150410329058083
1168,shamillah,vickiemorine,2017-02-24,2,0.00105286341694066
1169,siima,tars4815,2017-03-29,1064,0.00142261230115866
1170,siima,tars4815,2017-03-31,472,0.00161543919175157
1171,smart d,wisniewskin,2017-03-17,3176,0.00143128687112705
1172,smart d,wisniewskin,2017-03-20,5389,0.00273310560347359
1173,smart d,wisniewskin,2017-03-21,987,0.00183033618237337
1174,smart d,wisniewskin,2017-04-10,1762,0.0034437807085883
1175,smart d,wisniewskin,2017-06-05,6482,0.0021543071621801
1176,smart d,wisniewskin,2017-11-22,6526,0.00139580231479225
1177,smart d,wisniewskin,2017-11-26,2490,0.00148104348847445
1178,smart d,wisniewskin,2017-11-28,1451,0.0020450750730991
1179,solution oriented,wisniewskin,2017-02-10,176529,0.00197087629910532
1180,solution oriented,wisniewskin,2017-02-22,52133,0.00152015762823284
1181,solution oriented,wisniewskin,2017-02-23,63812,0.00191340231366132
1182,solution oriented,wisniewskin,2017-02-24,281891,0.00126299026750483
1183,solution oriented,wisniewskin,2017-03-03,20636,0.00129078590702304
1184,solution oriented,wisniewskin,2017-03-09,236944,0.00163245346024432
1185,solution oriented,wisniewskin,2017-03-10,183171,0.00203298597412101
1186,solution oriented,wisniewskin,2017-03-11,4092,0.00214220582169471
1187,solution oriented,wisniewskin,2017-03-24,440033,0.00129644918057093
1188,solution oriented,wisniewskin,2017-04-21,35872,0.00111810644015784
1189,solution oriented,wisniewskin,2017-04-22,167605,0.00129620344356845
1190,solution oriented,yukiejiang,2016-11-03,3270,0.00601649985046855
1191,tupero,wisniewskin,2017-02-23,15579,0.00288785418425116
